Transaction ID,Transaction Type,Date & time,Asset Acquired,"Quantity Acquired (Bought, Received, etc)",Cost Basis (incl. fees and/or spread) (USD),Data Source,"Asset Disposed (Sold, Sent, etc)",Quantity Disposed,Proceeds (excl. fees and/or spread) (USD)
6a07a8cb-ac49-5d8b-ab4e-6d30181f6a3b,Buy,2018-02-23T06:36:25Z,ETH,0.20948955,200,Coinbase,,,
da8f483e-8f00-55e1-921c-ffed7fcbe622,Receive,2018-02-23T06:41:40Z,BTC,0.001026,0,Not available,,,
952fbd95-cc28-54fd-aaed-7c4941de7561,Buy,2018-03-08T05:59:23Z,LTC,1.60612326,300,Coinbase,,,
84fd1f0a-78d0-5f2a-83d9-38e14b5c8872,Send,2018-03-14T07:16:10Z,,,,,ETH,0.20948955,199.9999999999999999988583
042f5c1d-ffe9-55bb-b8da-1a1310283e6e,Send,2018-03-14T07:20:31Z,,,,,LTC,1.60612326,300.000000000000000054684456
bad05f9a-d15a-568e-a959-64674c71aaaa,Send,2018-03-18T07:53:10Z,,,,,BTC,0.001026,0
12597ff9-9361-5061-b8dc-7270897b1886,Buy,2018-03-21T04:43:18Z,ETH,0.84118497,500,Coinbase,,,
00b8c844-b690-5cfb-b19e-450ff47421de,Send,2018-03-21T05:16:53Z,,,,,ETH,0.84118497,499.99999999999999996490961
17a7c010-8839-5b63-9eba-d98109f76947,Buy,2018-03-31T05:20:09Z,ETH,0.72018157,300,Coinbase,,,
16cf548e-1501-5c53-bba1-ededd2da40bf,Send,2018-03-31T05:35:55Z,,,,,ETH,0.72018157,300.000000000000000033039961
2e26be7a-b546-591e-baa3-6f2c852888b3,Buy,2018-04-15T03:40:44Z,LTC,0.74991451,100,Coinbase,,,
489a6ff9-f6b5-5c22-b561-c0e734d1730c,Send,2018-04-15T04:01:30Z,,,,,LTC,0.15814,21.087737054187683334762
0a8957d4-dd55-52f3-8145-eb07ecca0f37,Send,2018-04-15T04:58:25Z,,,,,LTC,0.59177451,78.912262945812316640090733
b258d9ba-c7f6-5fb4-a3a4-dc501f0b16b0,Buy,2018-04-19T06:16:20Z,LTC,1.39374227,200,Coinbase,,,
0d78f486-798c-5c44-9e88-378ed5ee1faf,Send,2018-04-19T06:29:23Z,,,,,LTC,1.39374227,200.000000000000000007113864
fffff67d-1cb8-55c9-b00a-7bd3d7436dad,Buy,2018-04-20T03:17:15Z,ETH,0.51219739,300,Coinbase,,,
5cbf3c12-ef2d-5040-88cc-de424ea19270,Send,2018-04-20T03:34:37Z,,,,,ETH,0.51219739,299.999999999999999983006466
10e5576e-a7b7-5e3d-a3f4-ab09d818f17a,Buy,2018-04-25T16:15:25Z,ETH,0.48252732,300,Coinbase,,,
edc53af4-d52d-5ac6-a590-8ce8085b9b1f,Send,2018-04-25T16:36:03Z,,,,,ETH,0.48252732,299.99999999999999999533482
a5e84e6f-d11e-58a5-972e-5e7f86c6735f,Buy,2018-04-27T03:45:43Z,ETH,0.30020054,200,Coinbase,,,
333fc869-63ed-580f-af1e-8cce73a39c7f,Send,2018-04-27T04:04:02Z,,,,,ETH,0.30020054,199.999999999999999986572618
d862c930-20ae-584c-9ca5-e37ff48f5993,Buy,2018-05-22T05:59:38Z,BTC,0.02246768,200,Coinbase,,,
33f4bc42-3adf-5cfe-b46e-54d03bfaeaaf,Send,2019-02-11T05:24:02Z,,,,,BTC,0.02246768,200.000000000000000001033584
331c99fb-7060-5d69-9381-fd87c0db6d0a,Buy,2019-04-13T23:16:42Z,BTC,0.05792749,300,Coinbase,,,
e6c873bc-c649-5e40-a1a0-8f403b4bd090,Send,2019-05-17T01:28:30Z,,,,,BTC,0.05792746,299.999844633351108426781128
236fa3a8-e262-51bb-bc91-c851fec86cb6,Buy,2020-11-06T04:31:02Z,BTC,0.01259609,200,Coinbase,,,
959068ec-5246-5864-8875-f96b84b090c9,Buy,2020-11-06T04:32:57Z,XRP,782.866816,200,Coinbase,,,
b58e4cc3-1832-52e9-912e-fd93ca5f252a,Buy,2020-11-13T18:28:36Z,ETH,0.41472878,200,Coinbase,,,
85044adf-80e4-5d67-a6ec-d4340bd705db,Buy,2020-11-16T18:24:30Z,LTC,2.70871702,200,Coinbase,,,
f6eab699-cca3-5b24-a9b6-fe2c9c564944,Buy,2020-11-18T17:49:06Z,ETH,0.41301614,200,Coinbase,,,
4f658b2e-2373-558c-8a34-6ba66ffd4877,Buy,2020-11-18T17:49:36Z,LTC,2.63445573,200,Coinbase,,,
7963b8b4-1b08-5a8a-9dc8-8577ba0cf0f3,Buy,2020-12-15T17:45:53Z,BTC,0.01009995,200,Coinbase,,,
7306f12c-f702-5e6c-885d-90459c5f2b23,Sell,2021-01-03T18:35:37Z,,,,,XRP,782.866816,172.9000000000000152187648
aa3e9432-ec36-5883-9476-0bfb3edd51e2,Send,2021-01-03T18:46:38Z,,,,,BTC,0.02269607,400.000155366648891571110913
aea02dcb-d709-55aa-9a68-df8c49e74c39,Send,2021-01-03T20:56:14Z,,,,,ETH,0.82774492,399.99999999999999998192492
80979244-8854-5083-8e3e-2e42462b171d,Send,2021-01-03T21:29:07Z,,,,,LTC,5.34317275,400.000000000000000162134017
db7add0b-8be6-561a-b31e-2dc75f3c0303,Buy,2022-03-18T23:21:22Z,USDC,100,100,Coinbase,,,
d2844b11-16b0-5b61-897c-add8fc5cdb04,Sell,2022-03-25T19:18:41Z,,,,,USDC,100,100
00c27277-4b70-5530-b603-86e7e8855cdb,Buy,2022-03-25T19:21:19Z,USDC,400,400,Coinbase,,,
7d506fdd-849b-510c-b244-a35c0436d9e0,Sell,2022-03-25T19:22:54Z,,,,,USDC,400,400
8fff3792-f8e6-519a-b0ce-6c1c4e996db4,Rewards,2022-04-04T19:43:58Z,USDC,0.002807,0.002807,Coinbase,,,
f511a369-ddd7-53f4-b816-19badf71a298,Buy,2022-07-23T18:19:50Z,USDC,3000,3000,Coinbase,,,
5538933f-982b-5329-952b-5b41612a8464,Send,2022-07-28T03:56:35Z,,,,,USDC,1000.914808,1000.914808
037af3e2-27c8-57bc-b536-95a680ae3529,Send,2022-07-28T04:15:17Z,,,,,USDC,1999.087999,1999.087999
c8b88819-807b-5df5-9cf4-fc12c7b30183,Rewards,2022-08-05T16:08:58Z,USDC,0.054265,0.054265,Coinbase,,,
70b7d890-350a-5181-8495-8abba7c7b59a,Buy,2022-08-17T18:13:57Z,USDC,500,500,Coinbase,,,
a264fc60-5b61-5232-9f98-70845740351e,Send,2022-08-18T21:50:52Z,,,,,USDC,499.271137,499.271137
566f5747-b51f-5f78-adb0-8391466f7d9a,Buy,2022-08-24T20:32:38Z,USDC,500,500,Coinbase,,,
ab21c07b-6044-5ba9-b960-f722b791f9f9,Buy,2022-08-27T17:54:33Z,USDC,250,250,Coinbase,,,
754a1950-d39e-5b4e-a480-02e8260029db,Send,2022-09-01T16:45:17Z,,,,,USDC,250,250
67ced7f5-a1b6-54ba-98fc-69550dcc6154,Buy,2022-09-02T00:26:31Z,USDC,250,250,Coinbase,,,
5c151708-5442-51ec-a2c5-72cfd5861761,Rewards,2022-09-04T04:36:55Z,USDC,0.021417,0.021417,Coinbase,,,
51fccfdc-b4fc-54d8-8efd-4645e286db48,Buy,2022-09-09T00:26:30Z,USDC,250,250,Coinbase,,,
b743de01-f9bf-57d8-82e4-590bf7138bf0,Send,2022-09-09T03:20:08Z,,,,,USDC,501.518152,501.518152
1d8210cd-a29c-5aa6-bf38-809f2193e707,Buy,2022-09-16T03:08:49Z,USDC,1500,1500,Coinbase,,,
3a47b985-2b9c-54ad-bf32-3926b542a6c5,Send,2022-09-16T03:16:50Z,,,,,USDC,1501.264042,1501.264042
1750e650-af0f-52b5-8a5a-8838812aebaa,Buy,2022-09-23T00:25:25Z,USDC,250,250,Coinbase,,,
ee7b0279-c250-53ee-ab23-6b564a607dc7,Send,2022-10-01T17:49:07Z,,,,,USDC,500.809433,500.809433
4b5b20c6-1ef5-5d95-9200-2a3140af1afb,Rewards,2022-10-03T19:50:31Z,USDC,0.077838,0.077838,Coinbase,,,
8e003b85-3a26-5967-a7b8-8b33ae17edd3,Buy,2022-10-07T00:28:23Z,USDC,250,250,Coinbase,,,
34a7d09e-004c-501a-95d9-57c489b60a69,Buy,2022-10-07T00:45:25Z,ETH,0.37503863,520,Coinbase,,,
0914c1e9-3f6e-5e09-81d1-8ff645e851ba,Convert,2022-10-07T01:33:42Z,,,,,ETH,0.221036,306.4716826637298669708764
657ac798-efa2-52a0-9c2c-42682e0eb859,Convert,2022-10-07T01:33:43Z,ETH2,0.221036,306.4716826637298669708764,Coinbase,,,
057e2b8b-3da2-5a6d-aee8-0829cecf5980,Buy,2022-10-07T17:36:07Z,USDC,230,230,Coinbase,,,
da2c1c7e-3b59-508b-ab21-95f36eb90c79,Send,2022-10-07T17:42:26Z,,,,,USDC,497.290756,497.290756
124c99e2-b943-5298-b43d-25d2cbccbd62,Buy,2022-10-08T20:58:30Z,USDC,800,800,Coinbase,,,
aff2f89f-9c4b-56c7-92ca-12ab506ec2e0,Reward,2022-10-09T04:21:34Z,ETH,0.022883382469041,30.001258586036204,Coinbase,,,
7cb4b0b6-819d-57f5-b1ed-92a807cdf25c,Rewards,2022-10-12T17:55:05Z,ETH2,0.00004386,0.05669365529999641,Coinbase,,,
5c7ea55e-4ef3-55ff-b597-bbe8bd79555c,Rewards,2022-10-15T18:14:02Z,ETH2,0.00006458,0.08282740190000315,Coinbase,,,
91a3db03-6272-56cc-b728-7768e9616db5,Send,2022-10-17T03:49:53Z,,,,,USDC,1030,1030
0e4c7b16-8cad-519f-8379-d054f5fc5a10,Rewards,2022-10-19T00:09:38Z,ETH2,0.00006629,0.0870029734,Coinbase,,,
647d396d-ba5b-58e6-bb28-b367380eded2,Buy,2022-10-21T00:16:51Z,USDC,250,250,Coinbase,,,
9de257a7-284d-5433-9882-5fc8f4af8bfb,Rewards,2022-10-25T01:01:46Z,ETH2,0.00006429,0.08625628575,Coinbase,,,
dc296a4f-9093-53d4-98e2-599d38f4c5c1,Rewards,2022-10-26T04:45:24Z,ETH2,0.00006652,0.09877388499999999,Coinbase,,,
8c18eb37-b2ab-5d1c-a440-0854e33f2f4e,Rewards,2022-10-27T17:24:59Z,ETH2,0.00006434,0.0999657014,Coinbase,,,
d6979919-80ce-585a-b4e0-6aecde5f9adc,Rewards,2022-10-31T23:34:41Z,ETH2,0.00006944,0.10899371839999569,Coinbase,,,
5bf37554-dfbd-4aab-bc8a-63ec3f4f0d92,Spend,2022-11-02T05:06:43Z,,,,,USDC,1.83,1.83
a192b066-0942-54fc-a1ad-ceb8e7f3ee03,Card rebate reward,2022-11-02T16:10:47Z,XLM,0.672164,0.073200003928,Coinbase,,,
7f0cc910-10e7-525f-b0e6-23be08e68607,Rewards,2022-11-02T20:17:25Z,ETH2,0.0000677,0.10268736000000002,Coinbase,,,
91b62e68-9d43-4f00-9d8b-d1745ba90055,Spend,2022-11-04T04:38:16Z,,,,,USDC,166.41,166.41
80e52020-b23a-52f9-9404-19e341e0aef1,Buy,2022-11-04T06:22:25Z,USDC,250,250,Coinbase,,,
3e0fdb97-fe22-523f-a12e-5471dba6f411,Rewards,2022-11-05T19:12:24Z,ETH2,0.00006786,0.1106861067,Coinbase,,,
43051530-3c57-5fb4-933a-73527ce7ed8a,Card rebate reward,2022-11-06T13:02:41Z,XLM,55.2299775,6.246399995295,Coinbase,,,
f21e8d61-15fe-512d-97fa-319ecdfa5044,Buy,2022-11-06T13:02:44Z,USDC,10.25,10.25,Coinbase,,,
48962f80-3eb5-5712-bb45-b58cb67fe89b,Card rebate reward,2022-11-08T01:30:37Z,XLM,4.7978941,0.53039999591385,Coinbase,,,
f7f5054b-12e7-48cf-b42c-71ee7d92d1ff,Spend,2022-11-08T01:30:53Z,,,,,USDC,13.26,13.26
d8adb3a3-3868-4146-ba48-c35abd132759,Spend,2022-11-08T02:17:05Z,,,,,USDC,1.89,1.89
09337b4a-2251-58ef-a575-14db997351f7,Card rebate reward,2022-11-08T16:14:31Z,XLM,0.7128007,0.07559999864235,Coinbase,,,
68f621dd-76c6-5e03-a030-d5829fcf354e,Rewards,2022-11-10T01:10:04Z,ETH2,0.0000786,0.09063759000000043,Coinbase,,,
13aec9d4-30ab-4427-8adb-e0e23cefe443,Spend,2022-11-11T04:48:52Z,,,,,USDC,179.6,179.6
d1df6626-5b04-4ffe-be11-d5a1a0a27f72,Spend,2022-11-11T17:55:06Z,,,,,USDC,3.5,3.5
0b7b2fbd-bcff-59f9-839d-81929ee22f24,Rewards,2022-11-12T00:13:04Z,ETH2,0.00007299,0.09345238154999846,Coinbase,,,
2a446804-19aa-50a2-a340-3fd4051564a4,Buy,2022-11-12T06:13:42Z,USDC,250,250,Coinbase,,,
0246b471-08f8-45e1-879c-7606e79221d7,Spend,2022-11-12T21:18:05Z,,,,,USDC,24.53,24.53
c6910f02-9ca8-4536-b165-4fd873b9a792,Spend,2022-11-12T22:50:47Z,,,,,USDC,10.25,10.25
4c766ce0-f166-5ce6-8a60-6e1e355d2004,Card rebate reward,2022-11-13T13:55:05Z,XLM,82.1025609,7.32399999636495,Coinbase,,,
b2689cb8-4399-5f44-a7d4-cbe7a4cd6b1f,Card rebate reward,2022-11-13T15:10:59Z,XLM,4.5735193,0.40999999792745,Coinbase,,,
f63a43f4-9fd9-585a-80a2-3c97baa0e50f,Card rebate reward,2022-11-14T12:48:07Z,XLM,11.0159311,0.9811999990081,Coinbase,,,
b051bb00-8099-5b6a-ad8a-e84a67754318,Rewards,2022-11-14T23:10:27Z,ETH2,0.00014467,0.17821101615,Coinbase,,,
5d3b50cd-b200-4bc1-bf51-eaa12f6716a7,Spend,2022-11-14T23:37:07Z,,,,,USDC,1.34,1.34
fbd8866b-736f-4887-8775-46dd5885b383,Spend,2022-11-15T01:57:29Z,,,,,USDC,55,55
73db271f-88a9-425c-bdee-87c06a6616ae,Spend,2022-11-15T02:10:16Z,,,,,USDC,15,15
e5255b85-4d6b-5d81-9760-aac27199a948,Card rebate reward,2022-11-15T16:10:23Z,XLM,6.3956339,0.5999999986946,Coinbase,,,
31aac68a-f695-5549-89ea-262f62ff8cd5,Card rebate reward,2022-11-15T16:14:37Z,XLM,0.5693829,0.0535999980573,Coinbase,,,
58929d02-c39c-52e1-a990-46626c474c04,Card rebate reward,2022-11-16T14:48:03Z,XLM,26.8322815,2.40000000262675,Coinbase,,,
ecb1fcb5-7f10-43f6-ae80-f447f678798a,Spend,2022-11-16T14:48:04Z,,,,,USDC,5,5
a1d7bf97-0868-5c47-80c6-0755a3fb8f43,Rewards,2022-11-17T19:04:53Z,USDC,0.111551,0.111551,Coinbase,,,
e111b806-6878-54a7-95cf-74ea4e79de24,Rewards,2022-11-17T23:20:05Z,ETH2,0.00010268,0.12329711719999858,Coinbase,,,
2b5bd05f-2c3a-5ab8-a121-f451c1977240,Card rebate reward,2022-11-18T01:54:46Z,ALGO,1.503428,0.4057000458,Coinbase,,,
d2b6372f-674c-4598-93f0-fca7df10c973,Spend,2022-11-18T01:55:01Z,,,,,USDC,40.57,40.57
56c21532-7ea7-5913-b9f2-8c61e8c1fae5,Buy,2022-11-18T06:25:03Z,USDC,250,250,Coinbase,,,
401a9df1-0202-4127-9c2d-e9b8e74ede73,Spend,2022-11-18T23:58:13Z,,,,,USDC,20,20
b13f4d64-5c5d-598c-9d43-6ae2b7e6ece4,Card rebate reward,2022-11-19T16:10:32Z,ALGO,0.748299,0.219999906,Coinbase,,,
b812fbd2-40e0-4c03-a4d9-82b01044c156,Spend,2022-11-19T16:10:35Z,,,,,USDC,2,2
223dd4d4-9a2c-4286-9bf9-ba3eef310d9b,Spend,2022-11-19T20:16:51Z,,,,,USDC,20.54,20.54
a6cb0b8e-85bd-41fa-ac17-d769e6e929ca,Spend,2022-11-19T21:47:18Z,,,,,USDC,2,2
4928a51d-84ba-494d-9006-499487606bf0,Spend,2022-11-20T03:11:04Z,,,,,USDC,25.82,25.82
3f8b1b82-2183-5da9-b980-b306e06cf4ff,Rewards,2022-11-20T23:24:11Z,ETH2,0.00008442,0.0961391843999988,Coinbase,,,
f1faceb1-7653-498b-a099-8ae4ee94e65a,Spend,2022-11-21T12:53:13Z,,,,,USDC,5,5
75b06654-baae-541d-95b4-0479b14ac8ad,Card rebate reward,2022-11-22T04:57:38Z,ALGO,0.874601,0.20540004485,Coinbase,,,
4f9c959e-2ed8-5e9b-9572-cab29ca0778f,Card rebate reward,2022-11-22T15:57:58Z,ALGO,0.08316,0.01999998,Coinbase,,,
a56edd8c-2b50-571a-866e-da12e246eb0d,Card rebate reward,2022-11-22T20:57:49Z,ALGO,1.285774,0.3082000278,Coinbase,,,
45381ce5-36a7-483b-bfe5-0147eeb36136,Spend,2022-11-23T01:14:02Z,,,,,USDC,12.05,12.05
41a6c400-9761-4df3-b70f-fcb15cc8408c,Spend,2022-11-23T03:03:39Z,,,,,USDC,145.37,145.37
f2f56566-2f4f-46a9-9f93-48c531acff26,Spend,2022-11-23T20:56:08Z,,,,,USDC,2,2
2e4d40bd-627b-5335-8b1c-c72ddefa608b,Rewards,2022-11-24T00:25:55Z,ETH2,0.00007974,0.0942132087,Coinbase,,,
a905304e-35f7-528a-be51-065cb710c874,Card rebate reward,2022-11-24T13:08:16Z,ALGO,0.544771,0.13049989305,Coinbase,,,
689a0440-cc2e-4ecb-b3b9-eae717fb5ec9,Spend,2022-11-24T13:08:17Z,,,,,USDC,1,1
5132a69c-46f1-56a2-bb9a-3a8f6738451d,Card rebate reward,2022-11-25T13:38:14Z,ALGO,0.082986,0.02000005669734,Coinbase,,,
c0a07c09-6c91-55fe-b934-07276662f713,Card rebate reward,2022-11-25T13:42:35Z,ALGO,4.8794,1.17129997,Coinbase,,,
b3f0ed87-f383-58dd-bed4-f3ffb541a8b6,Buy,2022-11-25T13:42:46Z,USDC,28.24,28.24,Coinbase,,,
12594194-fec4-4a02-9d36-baec3e46c3c1,Spend,2022-11-26T01:13:27Z,,,,,USDC,30,30
e8f9efb2-1c5c-510b-9150-d10a5d0c57f2,Rewards,2022-11-26T17:00:17Z,ETH2,0.00007976,0.09638437680000328,Coinbase,,,
f63fd61b-97a8-5bf7-9f87-662852b08bf3,Card rebate reward,2022-11-27T12:40:57Z,ALGO,1.217285,0.29999988825,Coinbase,,,
a1717ee3-2581-5eaa-a128-2cdcff317687,Card rebate reward,2022-11-27T23:47:25Z,ALGO,0.910414,0.21900008769999996,Coinbase,,,
3bac07c7-6d75-4ff7-9530-befa25638f4e,Spend,2022-11-27T23:47:41Z,,,,,USDC,21.9,21.9
afbf5a3c-86f4-5a83-bf00-7e716dc3b33a,Rewards,2022-11-29T17:13:49Z,ETH2,0.00007947,0.09605419695000374,Coinbase,,,
b6bd1a71-26fb-4b6c-b9d7-3b1b507bd7b1,Spend,2022-11-30T23:25:55Z,,,,,USDC,147.42,147.42
4b15e662-45df-589a-baec-30b57ee5f6c1,Buy,2022-11-30T23:34:35Z,USDC,300,300,Coinbase,,,
3e54143c-920e-5b4a-88cb-1c260f904917,Buy,2022-12-02T06:24:51Z,USDC,250,250,Coinbase,,,
c46bfe9c-3002-55bc-8121-3ef4497eb75d,Card rebate reward,2022-12-02T15:18:21Z,ALGO,5.799917,1.4058998808,Coinbase,,,
bf0203e9-3792-5493-8675-c79d12e2e2c8,Buy,2022-12-02T15:18:24Z,USDC,6.83,6.83,Coinbase,,,
80594ae9-545a-5f86-820a-0fe2fc9646ad,Rewards,2022-12-02T23:31:30Z,ETH2,0.00007268,0.0938702174,Coinbase,,,
7a1237ce-607b-5095-8bc3-b94a02714c76,Rewards,2022-12-03T17:47:59Z,USDC,0.37945,0.37945,Coinbase,,,
d67ba095-433e-415f-bc61-277cfa496b76,Spend,2022-12-03T22:29:11Z,,,,,USDC,26.42,26.42
97e6d9f9-9196-4dc7-be2e-7198f427fa36,Spend,2022-12-05T03:15:47Z,,,,,USDC,72.7,72.7
2c943986-47c1-4b7b-9654-206784d644d2,Spend,2022-12-05T03:29:23Z,,,,,USDC,13.87,13.87
1f1c31f4-d3dc-5615-aa8b-d5f16fdb41ef,Card rebate reward,2022-12-05T13:25:48Z,ALGO,0.573377,0.1386998963,Coinbase,,,
bdf76c64-469a-5ee2-96a1-974b36ac0fbe,Card rebate reward,2022-12-05T14:30:09Z,ALGO,1.221507,0.29407781025,Coinbase,,,
5e215e1b-37dc-480a-9cf8-c426ca4ae096,Spend,2022-12-05T14:30:09Z,,,,,USDC,3,3
8c262f81-ef1c-5cad-8143-fcf327d47263,Rewards,2022-12-05T19:08:02Z,ETH2,0.00007276,0.0917259854,Coinbase,,,
a87e3dcc-520d-494b-9cc8-dddbce7eb682,Spend,2022-12-05T23:37:23Z,,,,,USDC,0.25,0.25
b494c2c6-fb6a-4be6-88d0-d567bc3d7ebd,Spend,2022-12-06T02:09:37Z,,,,,USDC,55,55
b52fa406-6d4a-5dcf-9b5d-52bd7e4ef170,Card rebate reward,2022-12-06T02:23:43Z,ALGO,1.187222,0.2805999197,Coinbase,,,
c70555b8-049c-4211-8d7f-4320d6850b53,Spend,2022-12-06T02:24:03Z,,,,,USDC,28.06,28.06
1e75d1e8-bf1e-5495-87b3-ebf4a13646ff,Card rebate reward,2022-12-06T12:29:10Z,ALGO,3.321222,0.7769998869,Coinbase,,,
84e739df-c69c-49ad-abcc-6c9dd536b3d3,Spend,2022-12-06T12:29:11Z,,,,,USDC,5,5
098d82e7-0f6a-535d-aa73-e6c904ab6d77,Card rebate reward,2022-12-06T15:24:31Z,ALGO,2.578981,0.59999992965,Coinbase,,,
80d4347f-6b02-4a39-800d-9f131cafb501,Spend,2022-12-06T15:24:33Z,,,,,USDC,5,5
1a09d127-5934-5aba-be3f-f34e4ad49cd8,Card rebate reward,2022-12-06T15:56:14Z,ALGO,0.010718,0.0024999735,Coinbase,,,
855c71b0-b71c-5b95-af93-a2d56ce881b4,Rewards,2022-12-08T20:15:09Z,ETH2,0.00006874,0.08826181630000215,Coinbase,,,
8dd03c19-de34-5232-a94b-f61f6b420a2f,Rewards,2022-12-11T16:58:14Z,ETH2,0.00007025,0.0894921775,Coinbase,,,
a8ab70f6-1ff2-5a0a-896d-9aa957bdc46b,Rewards,2022-12-14T19:11:54Z,ETH2,0.00007094,0.09329354869999407,Coinbase,,,
24d2906b-c435-5c71-8dc2-2e61538291a7,Buy,2022-12-16T06:15:43Z,USDC,250,250,Coinbase,,,
839589e1-4079-58ff-a283-85b7f316a71d,Rewards,2022-12-18T00:05:57Z,ETH2,0.00006962,0.0825501745,Coinbase,,,
37cce739-dcf7-4d84-b5aa-3c12063f014b,Spend,2022-12-19T18:55:47Z,,,,,USDC,142.67,142.67
27952601-fdab-54b7-b7ec-1fa1900ce361,Rewards,2022-12-20T22:29:36Z,ETH2,0.00007548,0.09173650499999764,Coinbase,,,
1133bbc9-54a0-5304-86cd-6ef6c84ecd73,Card rebate reward,2022-12-21T14:18:47Z,XLM,68.6364363,5.1524000001684,Coinbase,,,
93d07431-3c13-58c1-ac16-e94a12242d20,Buy,2022-12-21T14:18:49Z,USDC,13.86,13.86,Coinbase,,,
45690281-9eb6-4487-96d6-0341f04b3d84,Spend,2022-12-23T18:09:00Z,,,,,USDC,49.11,49.11
8bd5b33e-0c44-53df-b03b-13d573561032,Rewards,2022-12-23T20:58:21Z,ETH2,0.00007531,0.09180778515,Coinbase,,,
a1be04e5-632a-5986-ac09-a71de139cc75,Card rebate reward,2022-12-25T02:34:32Z,XLM,9.9968373,0.7428000003205499,Coinbase,,,
93c1fd5a-7e97-462d-adc1-8d9560192111,Spend,2022-12-25T02:34:48Z,,,,,USDC,18.57,18.57
9e012c4e-2782-5915-8243-8c5c019481e7,Card rebate reward,2022-12-25T12:56:59Z,XLM,26.3162513,1.94960000318355,Coinbase,,,
f0566ebe-2011-5044-998a-44aeee17734e,Buy,2022-12-25T12:57:02Z,USDC,0.37,0.37,Coinbase,,,
1401e552-e88d-550d-a51f-222d99009f5a,Rewards,2022-12-27T00:23:24Z,ETH2,0.00007177,0.08803415855000334,Coinbase,,,
95d1a992-ac18-4ca5-abf5-eae429fd8c98,Spend,2022-12-28T21:46:19Z,,,,,USDC,119.46,119.46
33aa0611-6745-4bd3-8675-44cad384901d,Spend,2022-12-28T22:27:24Z,,,,,USDC,1.21,1.21
d86ba4e0-4195-52d0-8763-2b8c6ece0ddb,Rewards,2022-12-29T19:16:10Z,ETH2,0.00007132,0.0856300014,Coinbase,,,
65444c6b-38a0-5e33-b0a8-a449ed3adf6d,Buy,2022-12-30T00:15:29Z,USDC,250,250,Coinbase,,,
c5b7e629-41db-55bb-95c1-efe1c094d33e,Card rebate reward,2022-12-30T13:44:05Z,XLM,67.0691632,4.826800002596001,Coinbase,,,
964a4668-6946-42bf-a8a1-fa7f8395062b,Spend,2022-12-30T20:42:57Z,,,,,USDC,172,172
fd48de03-ebe8-4b42-8a6c-de02eb9351a4,Spend,2022-12-30T20:50:05Z,,,,,USDC,134.87,134.87
20d02ef0-1dd3-4a43-a8c0-443cab32372d,Spend,2022-12-31T02:35:45Z,,,,,USDC,18.49,18.49
93361de8-857a-4bd0-a3e3-874ab6c61dbc,Spend,2022-12-31T06:12:38Z,,,,,USDC,5,5
39c51c00-9e6c-5607-9663-df6643ad5d86,Card rebate reward,2022-12-31T14:06:38Z,XLM,75.2559775,5.394800003065,Coinbase,,,
c65310e1-a2c3-5b07-89ac-8a91c97bfdf6,Card rebate reward,2022-12-31T14:11:36Z,XLM,95.9159063,6.88000000094585,Coinbase,,,
d60fceb3-6462-5c3c-b3c8-5d83ebda2174,Card rebate reward,2023-01-01T14:25:49Z,XLM,10.2815756,0.739553732908,Coinbase,,,
fc127600-87dd-50c3-b835-cfb9b3b51578,Card rebate reward,2023-01-01T15:05:03Z,XLM,2.7846233,0.1999999992759,Coinbase,,,
d86dd545-cd34-57ae-b769-2eadaba0351c,Rewards,2023-01-01T19:29:12Z,ETH2,0.00006932,0.083383295,Coinbase,,,
9d17eda7-5e11-5215-b223-72f5212a3a59,Card rebate reward,2023-01-02T03:15:44Z,XLM,8.0350662,0.5756000023031999,Coinbase,,,
a197b05b-de9f-4817-93b4-b0c496d793b3,Spend,2023-01-02T03:16:00Z,,,,,USDC,14.39,14.39
29c8c51f-0a14-54d0-aaac-4339b4b2dd3b,Convert,2023-01-03T10:05:34Z,,,,,ETH,0.17688601,243.529572685270133973534657
069ed22f-31f6-53ee-b4d7-2c996f50df63,Convert,2023-01-03T10:05:37Z,ETH2,0.17688601,243.529572685270133973534657,Coinbase,,,
a8ae0f78-384b-5381-a022-9839b9987a55,Buy,2023-01-03T10:16:37Z,USDC,500,500,Coinbase,,,
8507f2e8-4b34-55e9-abec-deed619ce7a1,Converted from,2023-01-03T10:35:05Z,,,,,XLM,557.1939829,41.2741442833175
007ae7d9-7d23-5f5c-95d2-3494d8dfc788,Converted to,2023-01-03T10:35:05Z,ALGO,217.958983,41.2741442833175,Coinbase,,,
2efb7407-d5af-4051-b4e4-70cc6df2da0f,Spend,2023-01-03T19:52:50Z,,,,,USDC,16.2,16.2
2edf95bc-adb0-552b-8342-2817a7e58f76,Card rebate reward,2023-01-03T20:09:56Z,XLM,1.4682404,0.107599997714,Coinbase,,,
f824d965-e357-4c25-a78d-632272a9e9a7,Spend,2023-01-03T20:10:18Z,,,,,USDC,2.69,2.69
45ceb192-212b-4acc-973a-a2125311e2b6,Spend,2023-01-03T21:11:00Z,,,,,USDC,50.03,50.03
1c9899ac-9fa6-57cb-81f9-76af70222c26,Rewards,2023-01-04T02:09:34Z,USDC,0.63644,0.63644,Coinbase,,,
42b74511-8dd4-5df4-bbea-4be1fe742dcf,Card rebate reward,2023-01-04T15:29:15Z,XLM,8.7869768,0.6479999976044,Coinbase,,,
ed94b017-963b-4072-a252-12f8560ba3bc,Spend,2023-01-04T19:47:41Z,,,,,USDC,22.29,22.29
1218174c-fc5a-56a4-8e43-2ca2e9f38dec,Rewards,2023-01-05T00:44:33Z,ETH2,0.0000745,0.09344423249999997,Coinbase,,,
a11af871-fba7-546e-a810-af9079d66010,Reward,2023-01-05T06:31:25Z,GRT,16.2469536961819659,1,Coinbase,,,
5f0c2a5c-1d58-5f03-a02d-dca6799b84f5,Reward,2023-01-05T06:32:10Z,GRT,16.2469536961819659,1,Coinbase,,,
5a197b4b-301e-5ad9-bf6f-6091f9d471de,Reward,2023-01-05T06:33:05Z,GRT,16.2337662337662338,1,Coinbase,,,
643ce17d-9f8c-5667-8e3c-85fb90c254bb,Reward,2023-01-05T06:34:07Z,GRT,16.2469536961819659,1,Coinbase,,,
362e5990-849c-5caf-8ac1-44761173242d,Converted from,2023-01-05T06:35:45Z,,,,,GRT,64.87804878,3.993243902409
a5818611-9c47-52dc-af72-f77026618d4c,Converted to,2023-01-05T06:35:45Z,ALGO,20.571633,3.993243902409,Coinbase,,,
3830c529-e01d-514d-a437-196f1035ce3d,Card rebate reward,2023-01-05T13:49:35Z,XLM,12.1949051,0.89159999912375,Coinbase,,,
ceb08fc4-cb98-5df5-b738-83dac2adc5bc,Card rebate reward,2023-01-05T15:08:35Z,XLM,27.0512943,1.9824000001869,Coinbase,,,
e75af0c0-657a-5738-8b3e-ad7208da8596,Buy,2023-01-05T15:08:50Z,USDC,0.47,0.47,Coinbase,,,
fbe858da-ebb5-482f-b246-604f16701cc2,Spend,2023-01-05T19:50:50Z,,,,,USDC,24.56,24.56
475053cf-6664-5a8b-b798-ff2a7d7e1ac1,Reward,2023-01-05T21:06:09Z,AMP,316.9572107765451664,1,Coinbase,,,
66cc693b-37f4-51dd-895d-33aaafddd149,Reward,2023-01-05T21:07:10Z,AMP,316.9572107765451664,1,Coinbase,,,
e493644e-ae15-5e59-967e-17de8015cfae,Reward,2023-01-05T21:08:22Z,AMP,316.9572107765451664,1,Coinbase,,,
9419643f-d393-5f05-be03-99900307eb13,Reward,2023-01-05T21:09:04Z,AMP,316.9572107765451664,1,Coinbase,,,
0ddba3d0-a6ee-5cf8-b0d0-0e8aacb750a5,Reward,2023-01-05T21:09:49Z,NEAR,0.6462035541195477,1,Coinbase,,,
77e51abb-11a7-5eb3-b75e-41fdd136ca49,Reward,2023-01-05T21:10:30Z,NEAR,0.6462035541195477,1,Coinbase,,,
93a35d3c-cd13-57c4-a7da-b6ef121f9ec6,Reward,2023-01-05T21:11:13Z,NEAR,0.6466214031684449,1,Coinbase,,,
41226eee-a69f-5b61-b104-aa953ef4676c,Converted from,2023-01-05T21:14:14Z,,,,,NEAR,1.9367333763718528,2.99806326662362794072666236281472
af2bcd27-63e4-5d99-85a9-f9da0f5f02b1,Converted to,2023-01-05T21:14:14Z,MATIC,3.67912263,2.920855455957,Coinbase,,,
712a8ac4-3db8-578a-a8c9-aa7d6af25295,Converted from,2023-01-05T21:14:51Z,,,,,AMP,1262.65822785,3.98368670886675
1d8cabc4-17cd-5615-a4e4-12f847c8e603,Converted to,2023-01-05T21:14:51Z,MATIC,4.88343922,3.876718224797,Coinbase,,,
bd68cbef-eedd-5711-ad68-c02ba152122f,Converted from,2023-01-05T21:15:28Z,,,,,XLM,49.5014166,3.6175882758363
626112a1-b288-5344-bd6e-4c862db2b193,Converted to,2023-01-05T21:15:28Z,MATIC,4.44283007,3.527162792573,Coinbase,,,
3b1c85a4-cff7-5126-b54c-07eab044932a,Converted from,2023-01-05T21:17:55Z,,,,,MATIC,0.37816715,0.29996218338
d737cef5-7e49-5845-9e76-6c0a54c62926,Converted to,2023-01-05T21:17:55Z,ALGO,1.589273,0.29234676835,Coinbase,,,
86d8a2dd-41e7-56cd-99ad-0395c1bf4139,Send,2023-01-05T21:23:10Z,,,,,MATIC,12.62604484,10.0235728855115
f7b0f776-add8-56a5-9fbc-1f27101c107f,Card rebate reward,2023-01-06T14:20:47Z,XLM,13.4632515,0.9823999987035,Coinbase,,,
038bd830-390c-42a1-a6d2-01b22ceded64,Spend,2023-01-06T19:26:00Z,,,,,USDC,29.65,29.65
1c7edb57-19ea-5c47-9992-a31d38c4c584,Card rebate reward,2023-01-07T16:24:16Z,XLM,15.6843038,1.1860000004446,Coinbase,,,
01103b67-3b76-5b6f-947d-6cd40523fcf8,Rewards,2023-01-08T00:11:25Z,ETH2,0.00008553,0.10813044720000144,Coinbase,,,
216e585d-e843-5b62-b78d-1cf49b9992ed,Card rebate reward,2023-01-08T02:24:58Z,XLM,28.6331232,2.1548000029776,Coinbase,,,
e4c58c03-73a0-49ac-ba37-4fe6e5ae5f9c,Spend,2023-01-08T02:25:13Z,,,,,USDC,53.87,53.87
d9dadf20-793b-54f3-8c4d-a9064c027a11,Spend,2023-01-10T02:09:09Z,,,,,USDC,55,55
c1d9252c-4b26-55af-a4a9-55a1904426ea,Spend,2023-01-10T16:01:50Z,,,,,USDC,5,5
7b2f34bb-5c3c-5bd2-8e10-e63dc926f009,Card rebate reward,2023-01-10T16:01:50Z,XLM,30.4408211,2.39999999675565,Coinbase,,,
b49c8454-f0fa-5436-a341-459f7b1096d1,Rewards,2023-01-10T18:50:03Z,ETH2,0.00012377,0.16566305075,Coinbase,,,
6c25a263-3d17-5c6d-9c0e-f7895a6fc895,Buy,2023-01-10T19:26:10Z,ETH,2.21824617,3000,Coinbase,,,
7bd8609c-72df-57d1-8d2f-145b6928166f,Buy,2023-01-10T19:27:18Z,ATOM,87.96568,1000,Coinbase,,,
57525837-9a26-5cb1-82d3-6f29d804537e,Buy,2023-01-10T19:27:50Z,XTZ,1188.469146,1000,Coinbase,,,
7e8d8614-353b-5f79-b4fd-c16b589ae3fc,Buy,2023-01-10T19:33:34Z,SOL,60.550458716,1000,Coinbase,,,
9557d3f4-906f-55c5-bb4b-dc85ea297fee,Convert,2023-01-10T19:36:53Z,,,,,ETH,2.21824617,2999.999999999999999931751599
4eaede21-eafa-5da1-ac6c-bf99ce751378,Convert,2023-01-10T19:36:56Z,ETH2,2.21824617,2999.999999999999999931751599,Coinbase,,,
73f71da6-3772-5bea-8249-1c9c16e8c5d0,Buy,2023-01-10T19:37:44Z,ADA,3059.332509,1000,Coinbase,,,
e95aec69-4429-5c8f-9651-a95eca3f38a9,Buy,2023-01-10T19:39:34Z,BTC,0.17035389,3000,Coinbase,,,
4b62ccc0-3d4f-5103-8624-1255b914775c,Converted from,2023-01-10T19:41:00Z,,,,,XLM,88.2214996,6.9858635565758
afae5e05-acc0-5023-a718-2c82465b968a,Converted to,2023-01-10T19:41:00Z,ALGO,33.503492,6.9858635565758,Coinbase,,,
22bee41b-9424-538c-981f-31463d304a54,Spend,2023-01-11T10:31:57Z,,,,,USDC,84.99,84.99
87eab828-373c-5bcc-82ca-9c0fa997a03a,Spend,2023-01-12T00:59:43Z,,,,,USDC,102.81,102.81
77cb7dbb-3460-5de6-b556-79e30fba9b76,Card rebate reward,2023-01-12T13:18:18Z,XLM,42.7010325,3.399600001455,Coinbase,,,
6f7d8fa2-22e4-540d-af77-abbc631bee4d,Spend,2023-01-12T20:11:21Z,,,,,USDC,15.91,15.91
8659f29b-2a95-5569-b376-347f26a5b027,Rewards,2023-01-12T20:35:11Z,ALGO,0.075667,0.0160262706,Coinbase,,,
0ca267de-9892-5af9-b2d6-c2aac1a04614,Buy,2023-01-13T00:15:26Z,USDC,1500,1500,Coinbase,,,
b7b7da37-fc5f-5e4f-8eb5-e6940ed6478a,Buy,2023-01-13T03:48:29Z,USDC,1341.38,1341.38,Coinbase,,,
18616b8d-6bc9-50ee-ba87-44fe34f96216,Card rebate reward,2023-01-13T13:19:49Z,XLM,50.2887791,4.08799999742855,Coinbase,,,
4fbdec1f-5958-5495-8b68-5168fb39dca5,Buy,2023-01-13T13:19:49Z,USDC,0.61,0,Not available,,,
b877ca4f-faa0-5d1c-aa6f-1aa03c975f31,Card rebate reward,2023-01-13T14:05:34Z,XLM,7.8374867,0.63640000129665,Coinbase,,,
33a1c763-86ec-501b-ba7a-efbb488bcf68,Rewards,2023-01-13T17:39:45Z,ETH2,0.00012821,0.18179729265000574,Coinbase,,,
4e984acf-a2d8-5c71-af93-7b3e4bee463c,Spend,2023-01-14T01:06:19Z,,,,,USDC,78.79,78.79
a7c8001b-baaa-5fb6-b6fe-d2a68af74713,Card rebate reward,2023-01-14T11:25:37Z,XLM,36.3464422,3.151600003162,Coinbase,,,
7ac15313-bbf6-5a4a-a186-c8f72b69f199,Spend,2023-01-14T15:35:42Z,,,,,USDC,33.25,33.25
651d93d5-0e2d-5008-b08c-2f9823fc4cab,Card rebate reward,2023-01-15T06:49:26Z,XLM,15.2819988,1.3299999965634,Coinbase,,,
40f93c77-8f23-5f72-9a03-4ee40daf135e,Rewards,2023-01-15T07:49:33Z,SOL,0.011359124,0.25546669876,Coinbase,,,
50b57121-a6f1-5d4d-b79c-8e75c1308001,Card rebate reward,2023-01-16T03:17:53Z,XLM,19.1386914,1.7012000011632,Coinbase,,,
a76b1064-edf0-5bcf-a08a-5aaf9d93f457,Spend,2023-01-16T03:18:07Z,,,,,USDC,42.53,42.53
f4270588-7e23-5715-a745-a5d126b4f01e,Spend,2023-01-16T08:33:14Z,,,,,USDC,15,15
9673f28c-1e40-568e-8b2a-27548b7ff1b1,Spend,2023-01-16T08:34:12Z,,,,,USDC,50,50
8ffdf5ac-d34d-599a-a1e2-0aa35ad3691b,Spend,2023-01-16T22:16:12Z,,,,,USDC,125,125
8224cd7d-8e86-5efb-9edb-b31c17d9ff4b,Card rebate reward,2023-01-16T22:18:04Z,XLM,17.2135337,1.5156688558187,Coinbase,,,
03f051a3-ad10-5e11-ba13-652b4ab54293,Buy,2023-01-16T22:18:04Z,USDC,87.11,0,Not available,,,
c89a348c-57af-5118-8a5e-d1ba46373209,Rewards,2023-01-16T22:58:10Z,ETH2,0.00059538,0.9406170468,Coinbase,,,
d1b6bab7-1479-5029-b096-858b70fdc6de,Card rebate reward,2023-01-17T07:41:57Z,XLM,6.9329297,0.60000000149195,Coinbase,,,
4971d6ac-6f04-53de-9cca-2c55c80ea469,Card rebate reward,2023-01-17T07:46:33Z,XLM,23.108564,1.999999997072,Coinbase,,,
f5ed581b-47f1-5529-b715-46642fa66c3a,Converted from,2023-01-18T06:42:36Z,,,,,XLM,218.8395253,19.25032826277715
fbd828ba-26d4-5a5f-b57c-9a5e757e4a7e,Converted to,2023-01-18T06:42:36Z,ALGO,81.201916,19.25032826277715,Coinbase,,,
61c9a518-41a1-5b05-aedf-2e808e424c4a,Rewards,2023-01-18T10:58:20Z,SOL,0.007711449,0.17211954168,Coinbase,,,
04955fdd-de1a-5ce2-b1e9-f98cf1e3ece7,Rewards,2023-01-19T22:30:54Z,ETH2,0.00094336,1.4619438592,Coinbase,,,
d53cb984-7133-583b-bfcc-d85903c956ab,Spend,2023-01-20T03:10:19Z,,,,,USDC,156.04,156.04
0944f10b-5e30-5337-80fd-88d863ffbcd7,Reward,2023-01-20T03:24:01Z,KAVA,0.979624,0.9995593484,Coinbase,,,
21010bc4-f408-5c53-bd96-6416d4ebdbee,Reward,2023-01-20T03:24:46Z,KAVA,0.980296,1.0000979792,Coinbase,,,
63470b23-ef1d-5e40-8645-59801f070576,Reward,2023-01-20T03:25:24Z,KAVA,0.97972,1.000000204,Coinbase,,,
6e7b8689-cbf1-56dd-bbaf-e060a652e52e,Rewards,2023-01-20T14:00:05Z,SOL,0.002777542,0.05905054292,Coinbase,,,
faccb5a9-556b-5121-b046-07d7cebca413,Rewards,2023-01-20T17:50:22Z,ATOM,0.139842,1.77249735,Coinbase,,,
182e8966-6bfc-5d25-ba25-5da752d43573,Spend,2023-01-20T20:51:54Z,,,,,USDC,87.55,87.55
93a71d36-9fd9-5b1f-9bc1-72a2b9c06c63,Send,2023-01-20T21:47:02Z,,,,,USDC,352.834509,352.834509
b0338757-0400-5253-b260-8621e17af750,Spend,2023-01-20T22:06:31Z,,,,,USDC,53.41,53.41
5d3a57a6-f991-5986-a970-a9c9f3d39f6b,Card rebate reward,2023-01-21T01:46:38Z,XLM,16.2113035,1.4448000018305,Coinbase,,,
ad5eb8f6-bd3c-5b2b-b946-620df3113daa,Spend,2023-01-21T01:46:51Z,,,,,USDC,36.12,36.12
956ee7fa-2b51-584c-bfc9-d6771870c0a8,Card rebate reward,2023-01-22T06:10:52Z,XLM,44.27594,4.03479999829,Coinbase,,,
e4df06f1-4fc5-5e7a-82f6-135001bae090,Buy,2023-01-22T06:10:54Z,USDC,55.17,0,Not available,,,
415e830b-e092-5730-8347-c614ec25a0b3,Card rebate reward,2023-01-22T07:05:34Z,XLM,23.4610675,2.13628269281375,Coinbase,,,
46b976e0-f6e4-587d-bc04-602155e4d9df,Rewards,2023-01-22T23:48:19Z,ETH2,0.00090109,1.467186276150103,Coinbase,,,
378d551d-5620-5ab3-ae26-7bda60836581,Sell,2023-01-23T19:14:31Z,,,,,USDC,1000,1000
d0bef0b9-8338-539c-a0a8-2a81b1eb6f6a,Buy,2023-01-23T19:46:20Z,LTC,5.57174887,498.987999200816,Coinbase,,,
4300ec49-0f78-5d7f-9d98-16fde2f6b943,Buy,2023-01-23T19:46:29Z,AAVE,5.764,493.98310016,Coinbase,,,
1bc31e5c-40c1-5ad9-a098-df55803e879e,Card rebate reward,2023-01-24T06:43:18Z,XLM,36.8112347,3.5020000019498,Coinbase,,,
c9283cf2-2e1d-54b9-a4df-d59cf82bbbf2,Buy,2023-01-26T00:15:43Z,USDC,10,10,Coinbase,,,
3a02e9c7-d0a9-5af7-b960-20dd0f81dbf8,Rewards,2023-01-26T00:37:02Z,SOL,0.002787821,0.068761604965,Coinbase,,,
06c61915-4891-56ff-b3c2-2f0391420292,Spend,2023-01-26T09:46:18Z,,,,,USDC,111.05,111.05
442d3401-a819-512b-94ab-ce7a8ec1e80b,Spend,2023-01-26T19:56:22Z,,,,,USDC,20.7,20.7
aa400d8d-d2b6-5e7e-a2a3-31574e1f456c,Spend,2023-01-27T05:57:10Z,,,,,USDC,185.71,185.71
cf0bdaba-d474-504f-afbd-609dc1b6ead5,Buy,2023-01-27T06:05:34Z,USDC,2000,2000,Coinbase,,,
cb6f62af-1341-5c97-b3ad-793d87dc177d,Sell,2023-01-27T06:06:37Z,,,,,USDC,800,800
a37724e2-5031-50ff-af8b-c0557a9d28e2,Card rebate reward,2023-01-27T07:52:34Z,XLM,9.0500705,0.8280000001155,Coinbase,,,
dd07adc2-172d-5c4b-a38c-ac3bc619c570,Card rebate reward,2023-01-27T11:46:35Z,XLM,48.6043483,4.4419999954853,Coinbase,,,
a436c97e-8c0e-569a-b407-d1c7d96b30a7,Rewards,2023-01-27T16:57:13Z,SOL,0.002742264,0.06623938692,Coinbase,,,
864c87bb-8e7d-5a6c-aefc-d0b424283791,Spend,2023-01-27T22:18:40Z,,,,,USDC,17.4,17.4
2e7049b3-7934-5872-90b0-7d9d3e255a1b,Spend,2023-01-28T22:13:48Z,,,,,USDC,32,32
9b6ffe1b-ccc5-5603-a9fd-a5629d81e758,Rewards,2023-01-28T22:37:57Z,ADA,0.901592,0.3430106764,Coinbase,,,
d07e7be3-c503-5e65-ae95-fbac2b945c3c,Rewards,2023-01-29T00:12:44Z,ETH2,0.00090988,1.429876420000096,Coinbase,,,
5a70616e-35b8-5759-9330-f78c15261fbe,Spend,2023-01-29T02:03:03Z,,,,,USDC,15,15
46a1b51a-974b-56b3-b40c-8da7e13a2694,Card rebate reward,2023-01-29T06:15:42Z,XLM,87.5474138,8.12440000064,Coinbase,,,
9773d853-3359-53d9-a27e-5e7c7164cea0,Card rebate reward,2023-01-29T10:19:44Z,XLM,13.6825227,1.279999998585,Coinbase,,,
08d67fef-26a1-5962-a512-286ef5463c04,Card rebate reward,2023-01-29T10:34:10Z,XLM,6.4229513,0.5999999956895,Coinbase,,,
17cba3aa-6c74-5cb4-90cd-3b77daa1e5c7,Spend,2023-01-29T18:48:24Z,,,,,USDC,100,100
d7aaeaa3-aa44-5e41-8fd4-0df4a8043836,Spend,2023-01-29T22:10:44Z,,,,,USDC,125,125
c8187dc8-30df-5218-9946-af552e881bbd,Card rebate reward,2023-01-29T22:46:13Z,XLM,12.3164387,1.16119999885535,Coinbase,,,
81d8a646-a62d-5413-89c2-6909041691ca,Buy,2023-01-29T22:46:13Z,USDC,95.97,0,Not available,,,
ee6b28bb-eb6b-5f5a-9075-b93e88939555,Card rebate reward,2023-01-30T10:48:25Z,XLM,43.6481089,3.9999999958138,Coinbase,,,
1a63a881-7afd-56c9-bb5b-683aebea7233,Spend,2023-01-30T19:01:04Z,,,,,USDC,56.35,56.35
505668d6-ecd0-5f12-9c1b-89940e5cb6aa,Rewards,2023-01-30T21:59:17Z,SOL,0.001793469,0.042693529545,Coinbase,,,
854a0091-c747-55e7-a2e5-f82cc4792690,Spend,2023-01-31T02:03:32Z,,,,,USDC,55,55
55a63b0d-abcc-58af-b6fb-f82386293705,Spend,2023-01-31T02:09:29Z,,,,,USDC,16,16
cf383e84-4138-5683-b553-898b16faaaa7,Spend,2023-01-31T09:36:51Z,,,,,USDC,58.06,58.06
658a9cc4-31ff-5785-ad7a-631237cae705,Spend,2023-01-31T11:27:36Z,,,,,USDC,5,5
207e87bd-db6c-5817-b018-d002812b3e0c,Card rebate reward,2023-01-31T11:27:36Z,XLM,26.6865333,2.3999999992689,Coinbase,,,
797f1d1a-b373-59dc-aa24-708179e64f0e,Card rebate reward,2023-01-31T11:53:17Z,XLM,7.1090179,0.63999999997435,Coinbase,,,
85d96d7b-a638-5b93-be83-f8a854183525,Card rebate reward,2023-02-01T06:59:45Z,XLM,25.1686096,2.2540000013376,Coinbase,,,
17e87844-d90e-558e-af70-e99b9ebd6169,Rewards,2023-02-01T17:05:03Z,ETH2,0.00091714,1.4432940465999236,Coinbase,,,
173b5750-c71a-5a9a-abe8-850f32cf9072,Spend,2023-02-01T19:37:41Z,,,,,USDC,9.42,9.42
b07fc414-92e8-508a-a1c8-2f9a5420fa52,Spend,2023-02-01T20:09:51Z,,,,,USDC,27.06,27.06
71f57137-e0e3-552d-a8cb-943582f02a2b,Rewards,2023-02-01T23:49:18Z,ADA,0.868101,0.3444624768,Coinbase,,,
a213dde5-92a2-50fe-aa00-8cce16ac1d88,Rewards,2023-02-02T06:39:32Z,ETH2,0.00090426,1.5072748236,Coinbase,,,
40b62517-2359-573e-a871-6a862938eeba,Card rebate reward,2023-02-02T11:16:32Z,XLM,11.6275822,1.0823999994158,Coinbase,,,
dad37d56-eec6-59df-bdd3-e57efaa2047c,Card rebate reward,2023-02-02T11:27:22Z,XLM,4.039711,0.376800003814,Coinbase,,,
badf2c9e-2a11-55b5-a256-28da306801cf,Card rebate reward,2023-02-02T12:57:14Z,XLM,24.8167383,2.3224000035906,Coinbase,,,
7b6655dc-7c4c-5567-9b67-23f12f100043,Spend,2023-02-03T05:37:40Z,,,,,USDC,86.32,86.32
8e782a07-528b-5f29-a6b5-fa61f570f1ee,Spend,2023-02-03T08:26:13Z,,,,,USDC,279.11,279.11
c4c37855-58ef-535d-9e6d-efe0bd495040,Spend,2023-02-03T17:40:39Z,,,,,USDC,2.14,2.14
0b0e6d2a-e089-5cb3-94c3-cc1a539adf87,Rewards,2023-02-05T03:46:21Z,SOL,0.001120497,0.02718325722,Coinbase,,,
db891cbb-29e9-509e-885c-92f9d2f95799,Card rebate reward,2023-02-05T06:20:26Z,XLM,38.0860121,3.53839999715655,Coinbase,,,
535a2ed3-cc1a-541a-bcf6-44d952b1c7de,Rewards,2023-02-05T11:18:21Z,USDC,2.029431,2.029431,Coinbase,,,
0b7dbb20-f198-52af-bd11-d02a27ec527b,Rewards,2023-02-05T11:37:52Z,XTZ,0.40754,0.49088193,Coinbase,,,
d8776fbb-d13d-5722-8dc3-99fa1be357d7,Card rebate reward,2023-02-06T09:12:48Z,XLM,123.2661488,11.1643999960392,Coinbase,,,
3bcb2286-b4d2-5a69-8671-bc7528f1a23e,Rewards,2023-02-06T09:14:34Z,ATOM,0.14296,2.051476,Coinbase,,,
b8914a8f-359e-5831-9f4b-055925694686,Spend,2023-02-06T23:56:10Z,,,,,USDC,2,2
132806b4-a941-5b5e-97a1-c34b7658f104,Rewards,2023-02-07T02:02:12Z,ETH2,0.00083936,1.3635235327999877,Coinbase,,,
22e4af37-ba28-5137-8231-2e8b415592bb,Rewards,2023-02-07T08:01:42Z,ETH2,0.00086091,1.4056120615500043,Coinbase,,,
3a042780-c814-5a48-93fe-dcdf5a5802fb,Card rebate reward,2023-02-08T07:09:25Z,XLM,0.8708715,0.079999997733,Coinbase,,,
08ea9289-04f2-5e58-97b9-3ad54b5b1ba2,Rewards,2023-02-08T10:21:09Z,ADA,0.883577,0.35055917475,Coinbase,,,
e5b2834b-4e62-5ed9-9bda-ee5127cef5fe,Rewards,2023-02-08T14:03:35Z,XTZ,0.400841,0.491431066,Coinbase,,,
05d6637d-b4b8-5637-9b43-2a494d9e5f4e,Spend,2023-02-08T20:16:00Z,,,,,USDC,8.55,8.55
bb98c0ba-343d-52b1-afd9-f4f4751efdc6,Buy,2023-02-09T00:15:34Z,USDC,1500,1500,Coinbase,,,
86644eae-4b8d-5dbe-86a7-c2c5daa380cc,Sell,2023-02-09T06:09:14Z,,,,,USDC,500,500
e5d61561-8066-5125-929a-6f614eec1abf,Buy,2023-02-09T19:19:26Z,ETH,0.30862664,498.9879959743616,Coinbase,,,
96bf9c8a-f406-5ff9-af01-fd7a4075af97,Spend,2023-02-09T19:39:10Z,,,,,USDC,16.2,16.2
b8e0ca47-04c8-5e94-b5ca-51869c4767f1,Rewards,2023-02-09T21:02:21Z,ETH2,0.00092267,1.45291460895,Coinbase,,,
8c11b0c5-c6a0-5ef3-82c8-e2e9f97548d7,Convert,2023-02-09T21:05:19Z,,,,,ETH,0.30862664,498.9879959743616
8e191e1b-9a0b-5065-aff7-c4f30059720d,Convert,2023-02-09T21:05:22Z,ETH2,0.30862664,498.9879959743616,Coinbase,,,
f08becf2-af7c-577a-bb31-49f8f83f8654,Spend,2023-02-10T06:21:50Z,,,,,USDC,170.67,170.67
e10e6646-c96d-5451-9fd8-cffd0332ee07,Card rebate reward,2023-02-10T06:42:59Z,XLM,7.4996962,0.6480000006167,Coinbase,,,
bfad4ca7-c52c-5f38-9df5-1f4e2f439739,Card rebate reward,2023-02-10T07:23:52Z,XLM,3.9444774,0.3419999962509,Coinbase,,,
9c10af13-0c26-550a-9545-b3acd27c254f,Rewards,2023-02-10T16:34:08Z,XTZ,0.419664,0.456804264,Coinbase,,,
f8e8ada0-4a01-5dd1-b8f0-032585eb0c02,Spend,2023-02-11T10:51:31Z,,,,,USDC,84.99,84.99
9e4cbaf3-4e0b-50dd-9c4d-13cc9a9f1859,Buy,2023-02-12T06:09:17Z,USDC,6.71,0,Not available,,,
628379ff-7d41-5c2f-9dca-857b028be1a4,Card rebate reward,2023-02-12T06:09:18Z,XLM,76.5680729,6.55840000021305,Coinbase,,,
c46fb160-cd16-5862-b991-52ec2ea997c3,Card rebate reward,2023-02-12T06:09:48Z,XLM,39.6848188,3.399600002502,Coinbase,,,
94d7a3ec-62ad-59eb-b99e-e69980fa6297,Rewards,2023-02-12T17:40:29Z,ADA,0.884288,0.3295299232,Coinbase,,,
52da9826-dda3-527e-9a5f-2196fc06f401,Spend,2023-02-12T23:52:34Z,,,,,USDC,272.66,272.66
be587896-84ba-5f2f-bc12-4f381fd6b6d6,Spend,2023-02-13T00:01:19Z,,,,,USDC,25,25
775d17cc-4216-5b14-a76b-06883795f98e,Rewards,2023-02-13T04:48:00Z,ETH2,0.00090504,1.376117845199936,Coinbase,,,
57c1beae-7ae4-57a6-b033-f44429093ea1,Rewards,2023-02-13T13:41:31Z,XTZ,0.403169,0.4162719925,Coinbase,,,
814c2971-769f-5230-a46e-90a6f9d500ee,Spend,2023-02-13T14:36:46Z,,,,,USDC,33.25,33.25
30a537ef-3818-594e-8d68-facd9a529755,Send,2023-02-13T21:37:19Z,,,,,USDC,501.926643,501.926643
b5225f9f-7fa9-5a61-b8ba-ce54ae8ee87f,Spend,2023-02-13T21:57:20Z,,,,,USDC,140.16,140.16
aca00f03-6bfe-54c4-b9c1-4aff381d7126,Spend,2023-02-13T22:35:48Z,,,,,USDC,286.14,286.14
0a89ea75-6a2c-594c-aead-36864bb73d04,Card rebate reward,2023-02-14T06:42:11Z,XLM,11.8733823,1.0000000040706,Coinbase,,,
f914db06-4817-5142-9d49-9df1373059aa,Card rebate reward,2023-02-14T06:51:51Z,XLM,129.532768,10.906400000064,Coinbase,,,
874f8f7c-85ba-5007-b532-5a1363d22719,Card rebate reward,2023-02-14T06:56:36Z,XLM,15.7969439,1.32999999624465,Coinbase,,,
cf82f502-9372-531e-af33-c4440f08058f,Card rebate reward,2023-02-14T07:59:29Z,XLM,66.5175685,5.60640000223825,Coinbase,,,
16ec67e1-55ad-5a6f-8b10-9ab9c66b5c0d,Rewards,2023-02-15T09:12:51Z,SOL,0.004322577,0.093475727625,Coinbase,,,
185e98f9-6193-58f1-9849-069eb4b05560,Rewards,2023-02-15T20:29:53Z,ETH2,0.00103839,1.7080788627001258,Coinbase,,,
5f1fc33e-08dc-5ca6-a32a-bedf990ec367,Rewards,2023-02-16T16:14:00Z,ADA,0.840114,0.3413803239,Coinbase,,,
9c842435-9e90-577c-b1e9-6382a9e1b19b,Rewards,2023-02-17T06:29:50Z,SOL,0.004300861,0.097349988735,Coinbase,,,
cc9f1654-6c6c-5540-89b8-03eb9d311505,Card rebate reward,2023-02-17T09:38:11Z,XLM,130.2412381,11.445600004228,Coinbase,,,
3dc505ab-942b-52ea-80a1-80281e333fbd,Rewards,2023-02-18T00:38:32Z,ATOM,0.076738,1.091789895,Coinbase,,,
dc76bea9-d044-5d3f-b826-b6b6ef73d448,Rewards,2023-02-18T01:20:39Z,ATOM,0.090929,1.288191143,Coinbase,,,
b31352dc-e520-54e8-ba84-d322352ddc5b,Rewards,2023-02-18T01:30:49Z,ATOM,0.027372,0.388791888,Coinbase,,,
8897ad33-50ef-599b-a2e2-edbf0df8cda0,Rewards,2023-02-19T00:25:45Z,ETH2,0.00095252,1.6142213562,Coinbase,,,
17191e17-4021-56db-a1fb-98e38b543083,Rewards,2023-02-20T06:20:55Z,SOL,0.004283759,0.113498194705,Coinbase,,,
5d77e5b6-32dd-5d24-8b35-3b1b8caa92c7,Sell,2023-02-21T05:53:32Z,,,,,USDC,300,300
e66f7692-d699-5ba8-a43f-a7167c061256,Buy,2023-02-21T06:04:02Z,ACH,4170,179.04755688,Coinbase,,,
8acd67ef-2f90-59db-8060-0cacfb1b38b8,Buy,2023-02-21T06:04:02Z,ACH,417.8,17.9391053392,Coinbase,,,
285b694a-047c-5f19-b79d-913931e9491b,Buy,2023-02-21T06:04:02Z,ACH,2385,102.40489764,Coinbase,,,
4d9b6f6c-13b1-56c8-b259-1ca210bf9008,Rewards,2023-02-21T07:33:33Z,ADA,0.892432,0.3605871496,Coinbase,,,
1628c0ea-7106-5e1e-a1c3-179688a7ff58,Rewards,2023-02-21T20:22:36Z,ETH2,0.0010449,1.7424386685,Coinbase,,,
4aa9f988-1d7d-5360-9219-c81c3860006a,Buy,2023-02-23T00:16:12Z,USDC,1500,1500,Coinbase,,,
8a47ddc6-5c71-5a1c-bc82-6e658e55d0e7,Sell,2023-02-23T06:03:29Z,,,,,USDC,300,300
d8943551-bfcd-5fd4-8134-87f3f5b4b866,Buy,2023-02-23T11:23:23Z,ALGO,1087.5,299.38527,Coinbase,,,
6bd43b59-42ab-5c72-9372-e2f0142219d0,Rewards,2023-02-23T14:52:25Z,XTZ,0.406959,0.566079969,Coinbase,,,
5fb6408f-2e7a-58c2-afbe-95144fe80289,Sell,2023-02-24T04:36:03Z,,,,,USDC,300,300
1b19df1c-7e64-5345-8f9f-1572897637a7,Send,2023-02-24T04:58:12Z,,,,,USDC,500.134515,500.134515
8de67abb-9643-5c04-a169-944b723c8262,Buy,2023-02-24T10:23:11Z,ALGO,266.2,70.77171904,Coinbase,,,
fb14c4d2-94e7-5fd7-a6eb-754569fc778e,Buy,2023-02-24T10:23:12Z,ALGO,878.7,233.61047904,Coinbase,,,
feb02850-5056-5a1d-8a14-586e8abf4a5c,Rewards,2023-02-24T18:16:58Z,XTZ,0.40714,0.50180005,Coinbase,,,
aefdd119-c517-50cc-81b0-68030bbb74b0,Rewards,2023-02-25T00:50:17Z,ETH2,0.0011682,1.8731678129999911,Coinbase,,,
4b280a96-1ac2-56af-8739-df0cdcc0bcc4,Rewards,2023-02-25T06:17:57Z,SOL,0.010851686,0.24953451957,Coinbase,,,
0dbe2038-2ebe-5fa0-9ab6-9ceedba507e8,Rewards,2023-02-27T11:21:10Z,XTZ,0.403078,0.48167821,Coinbase,,,
8b9e2366-3a9d-5f22-b24e-24fea67640a3,Rewards,2023-02-27T13:32:17Z,ADA,0.890061,0.3252282894,Coinbase,,,
c53ca47a-e4e0-5f63-af5c-304ad598bf6d,Rewards,2023-02-27T20:54:55Z,ETH2,0.00102341,1.659403027449891,Coinbase,,,
8957f5b5-3010-572f-ab6d-1d4f9e8993a7,Rewards,2023-02-28T16:41:42Z,ATOM,0.114966,1.436557653,Coinbase,,,
77311901-68d1-562e-8f94-e9af948ab734,Rewards,2023-02-28T23:47:53Z,ATOM,0.118719,1.4573350845,Coinbase,,,
61586a6c-35bc-5ab4-97be-5f8517b208d3,Sell,2023-03-01T06:17:59Z,,,,,ACH,6972.8,252.2946468864
d7115edf-0863-5e38-8a91-6e810a35fac3,Buy,2023-03-01T06:20:21Z,ALGO,35.9,9.07938284,Coinbase,,,
a5ba7e4e-5d3d-5bbe-bb65-fd8d4eaefca3,Buy,2023-03-01T06:20:34Z,ALGO,0.5,0.1264538,Coinbase,,,
4034d357-0273-51cc-a4ca-5c22626623d4,Buy,2023-03-01T06:21:06Z,ALGO,978.4,247.44479584,Coinbase,,,
6132808b-7d2d-568f-83c1-295b92969445,Sell,2023-03-01T06:25:07Z,,,,,USDC,466,466
1431ecd0-e27d-5ea5-b0d0-ec3137b61232,Buy,2023-03-01T06:25:25Z,BTC,0.008771,208.80739810448,Coinbase,,,
231de7fc-6df1-53ed-bb6e-a2c13fdc4a4b,Buy,2023-03-01T06:25:25Z,BTC,0.01078561,256.7683458065968,Coinbase,,,
1f81de1b-13c7-56d4-a56f-beb025eedb95,Sell,2023-03-01T06:27:19Z,,,,,AAVE,5.764,467.42766048
4ff461b3-5df0-5381-8463-f2ffcd0e93f4,Rewards,2023-03-01T14:32:09Z,SOL,0.010732846,0.24320629036,Coinbase,,,
e6f3022e-a5da-541b-a4d7-d26dce8e6064,Sell,2023-03-01T20:19:07Z,,,,,USDC,469.251205,469.251205
da9980bf-7715-5deb-9203-ae6dcb58d47b,Rewards,2023-03-02T13:49:27Z,XTZ,0.399524,0.458254028,Coinbase,,,
c853d1e2-7b42-58c5-acec-0f5bc71008a6,Rewards,2023-03-02T17:45:35Z,ETH2,0.0009386,1.524469427,Coinbase,,,
a561fedb-88f4-56c6-8e5a-4cc858a7e078,Rewards,2023-03-02T23:09:57Z,USDC,1.018318,1.018318,Coinbase,,,
a728dbc6-2823-533f-925e-a23002f26413,Sell,2023-03-03T05:21:21Z,,,,,ALGO,199.6,45.70448784
d2271389-5ceb-5438-a92d-feac0e17087a,Sell,2023-03-03T05:21:23Z,,,,,ALGO,100,22.89804
7eac64cd-984d-5007-beae-12dc3ba92407,Sell,2023-03-03T05:21:24Z,,,,,ALGO,3329.3,762.34444572
7433ac42-527e-535c-bf52-8441d3b5aa87,Sell,2023-03-03T05:24:28Z,,,,,USDC,1.018318,1.018318
47fe3b00-2b67-5fd8-bd43-20d188be842d,Rewards,2023-03-03T06:59:25Z,SOL,0.010741068,0.22588466004,Coinbase,,,
c819875d-4e73-5784-ace2-b425a3b69e21,Rewards,2023-03-03T23:00:31Z,USDC,1.403669,1.403669,Coinbase,,,
392ebb42-4ca3-539d-8ebf-6201412b19cb,Rewards,2023-03-05T01:42:27Z,XTZ,0.400682,0.454573729,Coinbase,,,
10969f0c-b1ae-5f4a-80f7-f1a2fe93e326,Rewards,2023-03-05T19:49:52Z,ETH2,0.00097059,1.52123967765,Coinbase,,,
f4a346c0-a68c-5db0-9f12-f8704670bbbb,Rewards,2023-03-08T11:27:21Z,XTZ,0.405969,0.435198768,Coinbase,,,
5acc5280-5fe6-5e93-a2ab-e97a73462034,Rewards,2023-03-08T22:44:08Z,ETH2,0.000988,1.5334945600000052,Coinbase,,,
9f440701-5075-5604-963a-d6142499b7cb,Rewards,2023-03-09T16:18:17Z,ADA,0.871359,0.2784863364,Coinbase,,,
04d76c85-2253-5c87-9b39-89fb844ae240,Rewards,2023-03-11T08:33:23Z,ATOM,0.006506,0.070446968,Coinbase,,,
d4aa5be7-c9d8-5ac8-aa7a-fbd3cb6ae7dc,Rewards,2023-03-11T15:33:33Z,XTZ,0.39167,0.384424105,Coinbase,,,
6cf9c096-1265-5996-8c56-16eb1df16516,Rewards,2023-03-12T00:40:02Z,ETH2,0.00092624,1.365949284,Coinbase,,,
eb55f1ef-953f-5978-83a7-8dbcd1d900f5,Rewards,2023-03-14T23:10:14Z,ETH2,0.00096684,1.6487957598001275,Coinbase,,,
b94a1f29-9b44-5a9b-b8c7-8beffe56b98d,Rewards,2023-03-16T14:29:52Z,XTZ,0.399303,0.474771267,Coinbase,,,
21edce0d-8abe-5440-84ab-226dd0f585d9,Rewards,2023-03-17T00:47:37Z,SOL,0.010759041,0.210177865935,Coinbase,,,
ef5c765f-1160-5e8c-8523-86c7ba419880,Rewards,2023-03-17T16:59:47Z,SOL,0.007569089,0.15160885267,Coinbase,,,
2ac19000-69f7-5c6b-b0cc-53b0d4f208c2,Rewards,2023-03-17T23:02:55Z,ETH2,0.00202857,3.60930274395,Coinbase,,,
8f5260ad-31aa-527f-a3d9-197a23545414,Rewards,2023-03-18T17:29:17Z,ADA,0.812339,0.2771700668,Coinbase,,,
f5879499-73cc-5732-ba7b-324c99c67700,Rewards,2023-03-19T09:05:44Z,SOL,0.007500346,0.16178246322,Coinbase,,,
b380bdb0-59a4-5e4e-9d96-f309f8809c8d,Rewards,2023-03-19T12:36:43Z,XTZ,0.396527,0.484159467,Coinbase,,,
c0197d28-e7e3-528a-bd6d-1a6f1b83fdb8,Rewards,2023-03-22T02:14:45Z,ETH2,0.00104225,1.88046392875,Coinbase,,,
64866242-594f-5122-84fd-f0e636cfe75a,Rewards,2023-03-22T12:04:52Z,XTZ,0.404691,0.4720720515,Coinbase,,,
859b5d85-c43d-53fb-8ee0-bb6fc710c767,Stake,2023-03-24T19:37:11Z,ATOM,88.683712,1009.557085981500002962904,Coinbase,,,
136618da-5fd9-5753-b1cc-12606c266f6e,Stake,2023-03-24T19:38:15Z,XTZ,1194.115903,1006.5684008969999712267164,Coinbase,,,
6ef1895b-6557-5c7c-81b0-f0cf239b9bbd,Stake,2023-03-25T02:20:23Z,ADA,3067.176372,1002.9504144172500155369882,Coinbase,,,
55661724-dd27-5794-a1fd-93039bd952eb,Stake,2023-03-25T02:20:25Z,SOL,60.651812155,1002.2380331248699974923102956,Coinbase,,,
aefe3dbd-e956-593a-baf2-6b16d121dd8f,Rewards,2023-03-30T23:56:20Z,ETH2,0.001016605,1.822127220825,Coinbase,,,
f5b49278-3b16-51cb-ac91-b73fcac0657d,Rewards,2023-03-31T02:06:16Z,ETH2,0.000845732,1.52553561026,Coinbase,,,
ee09f6e9-b2d3-501b-913a-2e99d1d08ac6,Rewards,2023-03-31T03:22:05Z,ETH2,0.000971498,1.75402506653,Coinbase,,,
3b902026-d4fb-54ab-ba53-7c7c0799ad9f,Rewards,2023-04-01T03:32:43Z,SOL,0.007482495,0.15750651975,Coinbase,,,
77a1a636-4b22-59a2-8c0a-95bdcad1dc44,Rewards,2023-04-01T04:09:07Z,ADA,0.72257,0.2878357595,Coinbase,,,
073863f9-dee9-5c11-9bd6-222bede4910b,Rewards,2023-04-01T19:10:48Z,SOL,0.009575522,0.20075081873,Coinbase,,,
599eab22-b134-570d-a880-53ed4c1ead77,Rewards,2023-04-02T01:25:15Z,ETH2,0.000911859,1.65591770682,Coinbase,,,
a051c5ac-56f9-55e6-b07a-55ac068540b7,Rewards,2023-04-02T09:06:49Z,SOL,0.007483097,0.157556607335,Coinbase,,,
f339fef1-0881-51e3-aeb3-61d6a2424455,Rewards,2023-04-02T15:36:13Z,ADA,0.740087,0.28156609915,Coinbase,,,
1be38956-11d5-5cef-ab7a-2b564cedab64,Rewards,2023-04-03T01:56:56Z,SOL,0.00733306,0.1474311713,Coinbase,,,
87bc7f36-231f-5424-9180-6b177ec373c3,Buy,2023-04-03T17:48:46Z,USDC,500,500,Coinbase,,,
e6b8482f-e857-5ea6-9e0d-ee601838d349,Rewards,2023-04-04T02:30:16Z,ADA,0.755455,0.29307876725,Coinbase,,,
5bf511dd-23cd-5519-b7db-54c00aa06f87,Rewards,2023-04-04T06:27:18Z,USDC,0.022906,0.022906,Coinbase,,,
7dda9fe9-d918-5e6a-a9c2-eb9bac3feffb,Rewards,2023-04-04T19:58:22Z,ATOM,0.021513,0.244667349,Coinbase,,,
f471088b-241e-5774-b1d9-ddd148f0ab66,Rewards,2023-04-04T23:18:55Z,SOL,0.018605367,0.38941033131,Coinbase,,,
6d235927-d120-54b1-857c-2fc094291900,Rewards,2023-04-05T04:46:29Z,ATOM,0.025749,0.2950191675,Coinbase,,,
a7483e0d-a5d6-5d72-bcc5-c895bb52beb0,Rewards,2023-04-05T05:58:54Z,ATOM,0.104147,1.194774384,Coinbase,,,
d88507b0-1772-5d6a-8ccc-ca9bdd61495e,Rewards,2023-04-05T21:23:55Z,ETH2,0.000948934,1.81188034559,Coinbase,,,
b3ff6625-c575-59f4-bfa1-4793d94d79fc,Rewards,2023-04-06T01:45:08Z,SOL,0.01835508,0.3803172576,Coinbase,,,
fe1d33c6-3d68-5927-888e-3b65bba2764a,Rewards,2023-04-06T17:34:58Z,USDC,0.022906,0.022906,Coinbase,,,
f04b24a9-5c01-53ca-816a-2f2bf83164c9,Spend,2023-04-08T21:34:54Z,,,,,USDC,58.92,58.92
b679c303-6c2a-5742-90b9-d77cf68b4088,Send,2023-04-10T18:29:09Z,,,,,USDC,442.529481,442.529481
ced1cb48-c139-5fcd-8870-a8a45c372708,Rewards,2023-04-10T23:27:30Z,ATOM,0.012927,0.1448405715,Coinbase,,,
3989722c-9a56-51f5-b9ce-ae2b57d911fb,Rewards,2023-04-11T01:45:36Z,ATOM,0.010247,0.114909858,Coinbase,,,
d01974a8-5df8-57c9-bfb4-7dc3386996a4,Rewards,2023-04-11T02:22:28Z,ATOM,0.012222,0.13761972,Coinbase,,,
054e4202-b888-52fc-ab89-d1c4b7910e85,Rewards,2023-04-11T02:51:15Z,ATOM,0.000644,0.007233408,Coinbase,,,
de9a3f13-2b5f-5bf2-8cb8-47dd3dd3f920,Rewards,2023-04-11T04:42:48Z,ATOM,0.135511,1.519620354,Coinbase,,,
6c54fabe-d6e4-5ee5-ab51-a988bff48e58,Rewards,2023-04-11T08:35:16Z,ATOM,0.009944,0.112819652,Coinbase,,,
be537d24-6a89-5717-a7a5-f8178587c483,Rewards,2023-04-11T08:51:56Z,ATOM,0.000372,0.004217178,Coinbase,,,
e0c9d42c-814e-5e3d-b2d6-dfe2f2ef01fc,Rewards,2023-04-11T14:53:35Z,ATOM,0.049408,0.559150336,Coinbase,,,
1d86ee36-29d5-548d-a033-12210f76ff9d,Rewards,2023-04-11T15:10:34Z,ATOM,0.114055,1.2902471875,Coinbase,,,
e4325446-3f8d-5ed7-b52d-e1e0f775ca2d,Rewards,2023-04-11T15:57:12Z,ATOM,0.014758,0.167451647,Coinbase,,,
c32424a1-d4c0-5bda-a91f-83fd544880b5,Rewards,2023-04-11T16:02:37Z,ATOM,0.000559,0.0063454885,Coinbase,,,
48893a11-41d1-53a1-a646-b815c7513414,Rewards,2023-04-11T16:09:35Z,ATOM,0.006898,0.078364729,Coinbase,,,
5d16c64b-1f22-5020-90b1-3917281f8f13,Rewards,2023-04-11T16:26:32Z,ATOM,0.000821,0.009299467,Coinbase,,,
476557c1-7274-54a1-8eac-4a18cf8687da,Rewards,2023-04-11T16:52:59Z,ATOM,0.005353,0.0605718715,Coinbase,,,
077beb3b-eaf5-59d6-a545-aa2b366f4d67,Rewards,2023-04-11T18:27:01Z,ETH2,0.000867111,1.653515643675,Coinbase,,,
7e9e7325-b34b-5a81-913d-fd113d2344d6,Rewards,2023-04-11T18:34:35Z,ETH2,0.000867715,1.654598009175,Coinbase,,,
5da5dd5f-0202-509f-b651-d4315515532d,Airdrop,2023-04-11T23:59:59Z,FLR,118.29,4.316311923608889,Coinbase,,,
a67fdabe-064e-5e11-b489-1598a7ed2bee,Rewards,2023-04-12T23:51:23Z,ADA,0.933271,0.3781614092,Coinbase,,,
f1cf19d9-0dad-5924-8ad8-b5f0573cfa5f,Rewards,2023-04-13T01:33:24Z,SOL,0.010828581,0.25750365618,Coinbase,,,
f2f0b206-50e4-51c9-9e17-5df8af9d73a6,Rewards,2023-04-13T01:39:52Z,SOL,0.006995763,0.167373629775,Coinbase,,,
757c6af9-dce9-5000-b9cd-2ae851342f01,Rewards,2023-04-13T20:39:38Z,ETH2,0.000748812,1.50412743222,Coinbase,,,
c0ba44ae-1d4e-51ec-a9cb-72f97ab8bcc9,Card rebate reward,2023-04-14T00:17:48Z,XLM,5.5854959,0.58919999875125,Coinbase,,,
387ebeee-3f4a-5cff-9a3f-07dd6451da40,Buy,2023-04-14T06:24:30Z,USDC,300,300,Coinbase,,,
d0694415-1e8e-5135-a540-df2929d61331,Buy,2023-04-14T06:33:27Z,USDC,2000,2000,Coinbase,,,
6d4bca85-9ce2-5605-977f-c1dabe9624de,Rewards,2023-04-14T09:51:12Z,ALGO,4.086181,0.9320578861,Coinbase,,,
62bf3bea-08ee-515a-afb6-c06a10cf84d2,Sell,2023-04-14T19:21:46Z,,,,,USDC,2000,2000
50ab1c7f-9c72-5838-b7ef-0f24f711ecf7,Buy,2023-04-15T01:23:45Z,ETC,5.66953787,125.6841297542784,Coinbase,,,
fb261129-6f65-5ee6-8aff-5d71a84549a8,Buy,2023-04-15T01:23:45Z,ETC,1.8072,40.062587904,Coinbase,,,
fe41e11e-c7c1-58c0-a94a-47e4af8f1148,Buy,2023-04-15T01:23:45Z,ETC,0.0886,1.964113152,Coinbase,,,
9f51108d-4f50-58ef-ba3e-5dc658fcb1a6,Buy,2023-04-15T01:23:45Z,ETC,0.2461,5.455623552,Coinbase,,,
721f4ced-bfcf-58ed-bb40-9ef7e1e04933,Buy,2023-04-15T01:23:45Z,ETC,0.845,18.7322304,Coinbase,,,
169ef947-d75d-5486-b603-644718d6e827,Buy,2023-04-15T01:23:45Z,ETC,0.5617,12.451945344,Coinbase,,,
2ba94970-320a-5010-a80c-c481dc863e3a,Buy,2023-04-15T01:23:45Z,ETC,0.7107,15.755025024,Coinbase,,,
6a3e7131-e067-5395-9c96-f36b172af002,Buy,2023-04-15T01:23:45Z,ETC,0.7655,16.96984896,Coinbase,,,
978758e0-f45b-5bc8-af8e-b7bbfb2a607f,Buy,2023-04-15T01:23:46Z,ETC,11.81472,261.9124936704,Coinbase,,,
5428c0d4-ef3a-5c29-8187-2c1fd3babeae,Buy,2023-04-15T01:23:48Z,ETC,0.0000001,0.000002216832,Coinbase,,,
092c7b88-f0c9-57ba-a6e1-7e71adacdf31,Rewards,2023-04-17T02:40:35Z,ADA,0.874784,0.3920781888,Coinbase,,,
8ea7589b-5e4c-52fe-9993-9caf5bed95d9,Rewards,2023-04-17T16:52:38Z,XTZ,0.370326,0.422356803,Coinbase,,,
0285dea1-9ecb-5470-b1a7-da0cbd63bfa0,Rewards,2023-04-17T17:39:33Z,ETH2,0.000843458,1.75718448598,Coinbase,,,
3799fe70-c97c-509a-adc2-cf232227f9e2,Rewards,2023-04-17T22:11:13Z,ATOM,0.041042,0.508859237,Coinbase,,,
5c686546-aac0-5bb2-a573-3051e6504f1f,Rewards,2023-04-18T02:03:47Z,ATOM,0.149107,1.835954491,Coinbase,,,
d4de1e31-30fe-521e-9ebc-0714af1f89eb,Rewards,2023-04-18T03:29:40Z,ATOM,0.031626,0.397396503,Coinbase,,,
4a2b7f35-31df-5078-bb8f-042f81fc8aa0,Rewards,2023-04-18T03:45:01Z,ATOM,0.025844,0.323515192,Coinbase,,,
4407e0da-f3d5-56cf-a009-470ed97e9f09,Sell,2023-04-18T04:59:33Z,,,,,KAVA,2.93,2.669934372
c4e4883e-d8f1-57ca-9484-1ed17c29c2b3,Buy,2023-04-19T08:10:41Z,BCH,0.25768928,33.607732821888,Coinbase,,,
861c9dc3-df31-5551-98c6-1b26a844ece0,Buy,2023-04-19T08:10:41Z,BCH,0.1077,14.04619092,Coinbase,,,
8e8ce0fb-c1f7-521c-891e-3ce04c65a6b4,Buy,2023-04-19T08:10:41Z,BCH,0.0088,1.14769248,Coinbase,,,
1bcd87f4-82f8-5bcb-98cb-47aa653dfa11,Buy,2023-04-19T08:10:41Z,BCH,0.3218,41.96902728,Coinbase,,,
bd0f5b23-5852-58f4-bed9-86591c496eb7,Buy,2023-04-19T08:10:41Z,BCH,0.0505,6.5861898,Coinbase,,,
046e9a1f-7109-5ed5-83a4-7a73518d0cde,Buy,2023-04-19T08:10:41Z,BCH,1.0829,141.23138484,Coinbase,,,
b65844e4-2c77-50f2-a156-1341ea0d0c7c,Buy,2023-04-19T08:10:41Z,BCH,1.9966,260.39577336,Coinbase,,,
1579226b-b02d-4db5-82aa-6d5ef2ed415c,Incoming,2023-04-19T08:10:42Z,BCH,0.00003073,0,Not available,,,
3155ec36-614c-4229-ba73-39fef1e9e7c1,Incoming,2023-04-20T12:17:52Z,BTC,0.00431078,0,Not available,,,
60d5379a-8a6c-4fc5-abe3-a997e525529f,Incoming,2023-04-20T12:17:52Z,BTC,0.01312781,0,Not available,,,
ab12ebda-367a-5611-bbab-df332ce90cf3,Sell,2023-04-21T03:52:11Z,,,,,BCH,0.57617312,70.9990018527744
b8956cc3-7539-5489-af95-04d327fa9f56,Sell,2023-04-21T03:52:18Z,,,,,BCH,0.00110224,0.1358236562688
7521464a-045a-5fe2-aa1c-68ca8cb30542,Sell,2023-04-21T03:53:03Z,,,,,BCH,0.00251775,0.31025004588
49dce47e-3882-5975-9f00-482eeefa6073,Sell,2023-04-21T03:54:38Z,,,,,BCH,3.24622,400.0158490464
028a97d5-237e-5b4b-bfa1-f9ee47eb7bae,Sell,2023-04-21T03:54:38Z,,,,,BCH,0.0000069,0.000850253328
8adebe7b-4622-58e7-bdec-52b8cada254a,Sell,2023-04-21T03:56:49Z,,,,,ETC,22.509,452.41469352
69f1c46b-160a-591a-8c9a-e582e420393f,Sell,2023-04-21T03:57:06Z,,,,,ETC,0.00005797,0.0011651552616
d18cd8b9-cbed-5a98-a9c9-e0d9315df1fa,Buy,2023-04-21T04:01:14Z,LTC,2.61918325,236.9323644683,Coinbase,,,
821732a6-28b3-5c14-b4ad-a7620a8e1edd,Buy,2023-04-21T04:01:50Z,LTC,8.4130032,761.04363467328,Coinbase,,,
8f889cf6-1931-5386-8635-94c01f6231fb,Buy,2023-04-21T05:22:32Z,USDC,731.61,731.61,Coinbase,,,
e8e03cb6-e9b2-50a4-a8b0-43c3756efc2e,Rewards,2023-04-21T05:24:06Z,ETH2,0.000930629,1.8045826939,Coinbase,,,
f1f39821-83a3-5a7f-898a-83e6403674ca,Sell,2023-04-21T05:26:19Z,,,,,USDC,400,400
5a6e9c11-9c83-5d89-b454-1fc2fdf3b531,Sell,2023-04-21T05:27:18Z,,,,,USDC,400,400
06d1c115-48fe-5687-b815-8c3956095513,Buy,2023-04-21T06:41:27Z,BTC,0.01246953,349.291486548,Coinbase,,,
8b028a03-59a5-5050-be10-0287e65afade,Sell,2023-04-21T19:33:07Z,,,,,LTC,10,849.6712
80161343-0c71-5183-936e-728e7abff04d,Sell,2023-04-21T19:33:07Z,,,,,LTC,6.60393532,561.1173648066784
411d6d5d-d1e3-531d-a238-b2fbcc5375f3,Buy,2023-04-21T19:36:20Z,ETH,0.52532202,975.5116021586064,Coinbase,,,
9f4987d3-eca2-5ee9-828a-418d769db826,Buy,2023-04-21T19:36:20Z,ETH,0.16706,310.2267981392,Coinbase,,,
31ad28c2-59c2-503d-9b97-8caa3d65229a,Buy,2023-04-21T19:36:20Z,ETH,0.060005,111.4279840916,Coinbase,,,
0d35a78a-c723-550b-8480-bba883fc0600,Convert,2023-04-22T01:21:21Z,,,,,ETH,0.75238702,1397.1663843894064
fd87b1d8-343f-5d7a-b27c-c7470561b8ce,Convert,2023-04-22T01:21:24Z,ETH2,0.75238702,1397.1663843894064,Coinbase,,,
b381e7c2-224c-581f-8bd1-418bb89db2a0,Rewards,2023-04-22T02:46:42Z,ADA,0.856756,0.3288229528,Coinbase,,,
90e4638c-0421-5d70-bdab-a093046ecd0b,Rewards,2023-04-22T17:14:26Z,ETH2,0.000882795,1.659844400925,Coinbase,,,
75fa94e7-875f-55d6-acac-7b4e13484345,Rewards,2023-04-25T18:12:41Z,ETH2,0.00125477,2.3117255095,Coinbase,,,
658cef95-d5a6-5b8e-880b-cf833bd685ee,Rewards,2023-04-27T03:05:01Z,ADA,0.849085,0.344388876,Coinbase,,,
177dc069-973e-5a70-8e49-00d67d75f0e7,Rewards,2023-04-27T04:42:29Z,XTZ,0.40332,0.41299968,Coinbase,,,
28063729-853c-5478-a30f-2b4d26c86324,Rewards,2023-04-27T05:15:13Z,ATOM,0.020955,0.2370324825,Coinbase,,,
f5c22e36-8102-566d-9118-4d931f6fcdf2,Rewards,2023-04-27T07:32:04Z,ATOM,0.037276,0.418367186,Coinbase,,,
e488d504-f2e3-50af-b2c7-f905f17b6402,Rewards,2023-04-27T07:55:04Z,ATOM,0.181633,2.0403743055,Coinbase,,,
fc913e71-ce11-53cb-8ade-47c006461b03,Rewards,2023-04-27T09:58:59Z,XTZ,0.401183,0.405997196,Coinbase,,,
c09b0b69-16ba-536a-a150-8720563f7089,Rewards,2023-04-27T11:51:11Z,ATOM,0.029271,0.333133251,Coinbase,,,
cd341935-eb28-5764-a6b6-3e65ab0cf9c5,Rewards,2023-04-27T13:21:17Z,ATOM,0.090656,1.040322928,Coinbase,,,
647572d6-e916-5e26-99f7-dce1a2c0c6e8,Rewards,2023-04-27T13:35:24Z,ATOM,0.022617,0.2593152135,Coinbase,,,
663d54ac-a3a8-5607-8ded-c8f0138a8cce,Rewards,2023-04-28T19:56:39Z,ADA,0.798972,0.3241429404,Coinbase,,,
b9ff95fa-3f53-5f12-8b37-054f7a7f1bb5,Rewards,2023-04-29T17:35:45Z,SOL,0.00756144,0.175047336,Coinbase,,,
3ca38799-505c-50b2-94c8-ca76ef5eb1ac,Rewards,2023-04-29T18:55:18Z,ADA,0.817324,0.3292998396,Coinbase,,,
568531d4-8c6f-5347-8f1f-820ff6554785,Rewards,2023-05-01T21:16:07Z,XTZ,0.211849,0.2066586995,Coinbase,,,
3f23ccd7-395e-581d-87ef-724239e0e7c5,Rewards,2023-05-02T01:56:09Z,XTZ,0.430869,0.42225162,Coinbase,,,
9575747e-cdfb-5aa4-9a4f-708daa0f1dd5,Rewards,2023-05-02T01:57:41Z,XTZ,0.852153,0.8355360165,Coinbase,,,
5e9aafcf-82e9-5abd-80f7-c2d3bbf5a28e,Rewards,2023-05-02T02:35:05Z,XTZ,0.428844,0.42241134,Coinbase,,,
15e291d5-0aa4-5c34-a70f-f45a921d4b7f,Rewards,2023-05-02T03:33:52Z,ADA,0.860735,0.331899416,Coinbase,,,
a88f5da0-7166-5523-9393-ee22e0b81b56,Buy,2023-05-02T03:37:19Z,MATH,3304.8,373.27716,Coinbase,,,
d247c660-b23f-5afc-a290-28e9900514a2,Buy,2023-05-02T03:40:55Z,MATH,108,12.1986,Coinbase,,,
46a6e04e-e56b-53d4-8093-cc3060959138,Buy,2023-05-02T03:40:55Z,MATH,305,34.44975,Coinbase,,,
80e04f7a-0a15-55f9-adaf-315c86984453,Buy,2023-05-02T03:40:56Z,MATH,90,10.1655,Coinbase,,,
d7678966-f5b0-5a0b-bca4-38c51d2542e5,Buy,2023-05-02T03:40:57Z,MATH,58,6.5511,Coinbase,,,
dcc77193-ed6e-5f34-8a8e-ce385926f75a,Buy,2023-05-02T03:40:58Z,MATH,38,4.2921,Coinbase,,,
d10d72aa-7f7d-5e33-b31e-22402aa9ef2a,Buy,2023-05-02T03:40:58Z,MATH,72.2,8.15499,Coinbase,,,
a056175b-28c2-5e1e-936a-e3e3e9204dc9,Rewards,2023-05-02T23:10:57Z,SOL,0.007560236,0.16900907578,Coinbase,,,
32702f7d-6996-5283-8223-8b9865efb5d3,Rewards,2023-05-03T03:48:50Z,ETH2,0.001196961,2.23039318818,Coinbase,,,
9ebed46f-3423-5295-bfd8-0d1c4dfd703e,Rewards,2023-05-03T04:43:38Z,ETH2,0.000895704,1.66763514276,Coinbase,,,
47b1c1d8-b300-5a09-bbe8-113d96c60231,Rewards,2023-05-03T21:13:13Z,ATOM,0.027119,0.297468311,Coinbase,,,
c5d380a7-31ed-5fce-be69-8612b84dd2e4,Rewards,2023-05-03T22:23:42Z,ATOM,0.020936,0.233132828,Coinbase,,,
e8458eb4-81ec-567e-9e23-95bbc42a6a7a,Rewards,2023-05-03T22:33:49Z,ATOM,0.017589,0.196152528,Coinbase,,,
72381f4c-e545-59ed-ae3c-bb1bd6ff71ff,Rewards,2023-05-03T22:57:32Z,ATOM,0.025159,0.280548009,Coinbase,,,
3df255ad-a3a1-559e-b66f-dfb9fa1f20f7,Rewards,2023-05-03T23:17:21Z,ATOM,0.081595,0.908723515,Coinbase,,,
cf6c1722-ba3d-572d-b3fd-c75ff4f22580,Rewards,2023-05-05T21:10:02Z,ETH2,0.001133352,2.25705350772,Coinbase,,,
29fcaad3-ba60-5a10-b0b2-ac344e6c9209,Rewards,2023-05-06T00:31:59Z,XTZ,0.427128,0.436951944,Coinbase,,,
581994e8-7820-50c6-96cf-e772bf760b97,Rewards,2023-05-06T03:01:10Z,USDC,0.477933,0.477933,Coinbase,,,
936a82fa-2fdc-5214-846e-2c65ac61de45,Rewards,2023-05-06T10:31:07Z,SOL,0.017672891,0.39817023423,Coinbase,,,
ff29db3c-cdd0-566c-8f80-c2f0d4b5fa78,Rewards,2023-05-07T02:35:31Z,ADA,0.797603,0.3025308179,Coinbase,,,
406d216c-d47c-5f4a-8775-e3008f0316d8,Rewards,2023-05-08T16:07:39Z,ETH2,0.001297135,2.4175483276,Coinbase,,,
796426d8-055e-55c3-8a79-2aba474983c1,Sell,2023-05-09T02:07:17Z,,,,,MATH,3976,408.6819072
91ab43a1-8716-5e7c-8628-8886cb5aa024,Buy,2023-05-09T02:35:43Z,DOGE,5830.6,423.062971848,Coinbase,,,
646775f3-2fe9-5a3c-8c92-f4023667856f,Rewards,2023-05-09T20:55:00Z,XTZ,0.421132,0.38007163,Coinbase,,,
c6c8def7-9b4f-5f66-8dec-9880d2c898eb,Rewards,2023-05-12T16:55:52Z,ATOM,0.073744,0.804215192,Coinbase,,,
815a4845-16b2-569b-8e6c-c930aa5376e5,Rewards,2023-05-12T19:04:15Z,ATOM,0.038582,0.420563091,Coinbase,,,
593f50c6-a537-58f7-9f80-672ae3f6d44f,Buy,2023-05-12T20:35:12Z,USDC,1700,1700,Coinbase,,,
a6c84b23-335e-52da-87af-f566bd6e61c1,Rewards,2023-05-12T22:30:58Z,ATOM,0.033276,0.371077314,Coinbase,,,
dde5c9b0-b938-56b7-ae77-66fd62750f51,Rewards,2023-05-13T01:43:14Z,ATOM,0.144883,1.6046516665,Coinbase,,,
c9de8895-527b-5b55-ae72-0f633160fd7f,Rewards,2023-05-13T12:03:37Z,ADA,0.817118,0.2982072141,Coinbase,,,
50512cc3-b7be-5c39-b298-9ac55c390ad4,Send,2023-05-17T12:30:06Z,,,,,USDC,100.085895,100.085895
9cbebad6-ede2-5cf2-a7a2-668a098ddd50,Send,2023-05-17T17:54:07Z,,,,,USDC,1100.08605,1100.08605
3f86f404-089a-5586-bbfe-4007d63776c9,Rewards,2023-05-17T19:13:46Z,ETH2,0.00163115,2.9810408055,Coinbase,,,
ee571bb1-ebdc-52bf-9ec7-9faecdf6add5,Rewards,2023-05-17T22:50:22Z,ETH2,0.001752889,3.190792611145,Coinbase,,,
f4f35f5c-76dc-52a1-bb80-e46b7a827cc0,Rewards,2023-05-17T23:40:57Z,ETH2,0.001752293,3.191319818925,Coinbase,,,
7afe62c9-a3bf-5367-98d1-40ecc2f20a9a,Rewards,2023-05-19T17:24:59Z,ETH2,0.001367684,2.4855263253,Coinbase,,,
532f6e90-1799-5e44-a98d-bcb650e5a333,Sell,2023-05-20T01:03:43Z,,,,,USDC,230,230
f92dfc75-e18a-5c03-bc6d-b7949ea0c5a2,Buy,2023-05-20T01:06:16Z,DOT,42.86,230.39032976,Coinbase,,,
96fc88c0-48d1-58fe-893c-c5938917a2c0,Stake,2023-05-20T01:07:44Z,DOT,42.86,230.39032976,Coinbase,,,
e649a940-28cb-5ca6-b914-cea034d8a405,Buy,2023-05-20T01:09:45Z,USDC,1000,1000,Coinbase,,,
e79d2606-e7d3-5677-8e60-5a416d2c68cc,Send,2023-05-20T01:15:04Z,,,,,USDC,500.086605,500.086605
88504294-0719-5aab-a71b-d69426a9cc49,Sell,2023-05-20T04:47:43Z,,,,,USDC,500,500
81013d87-01b7-5bc5-ba6e-75428a366da9,Buy,2023-05-20T04:51:58Z,MATIC,571.8,499.39845528,Coinbase,,,
740b4cd7-004f-52da-8e57-db2220ed9542,Rewards,2023-05-22T10:18:17Z,DOT,0.0000616975,0.000328600885,Coinbase,,,
c7d91ee2-2e07-56b3-866f-96b891b49490,Rewards,2023-05-23T05:23:01Z,ETH2,0.001288917,2.39456289177,Coinbase,,,
5c14be89-8fc2-59a0-a428-ba7f18176d70,Rewards,2023-05-23T10:23:22Z,DOT,0.0000206805,0.000111757422,Coinbase,,,
f15d6d3b-e380-599a-ada1-23827ed3bfaa,Rewards,2023-05-24T10:23:33Z,DOT,0.0000100058,0.0000528406298,Coinbase,,,
737314a3-cedc-5f50-a904-be7594820df5,Rewards,2023-05-24T11:16:27Z,ADA,0.876358,0.3206155743,Coinbase,,,
4901238d-8757-5593-af84-4bef07e4bd4b,Rewards,2023-05-25T10:24:49Z,DOT,0.0121807241,0.064070608766,Coinbase,,,
8117299b-c10d-51b9-85b9-52932199b6d6,Rewards,2023-05-25T21:32:03Z,ETH2,0.001195607,2.161017806255,Coinbase,,,
cd9ccae9-3261-53f9-8793-c8657e85682c,Buy,2023-05-26T03:22:02Z,USDC,500,500,Coinbase,,,
2091c931-d173-5217-88bf-0987ddbb5562,Converted from,2023-05-26T03:50:35Z,,,,,USDC,500.810009,500.810009
4d96ac91-b457-58d2-9273-5ee9cc4d853e,Advanced trade trade,2023-05-26T03:50:35Z,DOT,95.65,500.9540579,Coinbase,,,
78e37e54-e2c6-513a-b12a-566ad4401edf,Stake,2023-05-26T04:22:20Z,DOT,95.65,500.9540579,Coinbase,,,
7474de0c-0151-5aa7-8f92-ea56b33165da,Buy,2023-05-26T04:23:36Z,ETH,0.00048688,0.8831060210816,Coinbase,,,
f96ac92c-448b-5ee2-9bf5-2ab5c4b9ac1e,Buy,2023-05-26T04:23:50Z,ETH,0.00010184,0.1847180356288,Coinbase,,,
9dd35876-0a52-58b2-9c9a-e5ec2c6b3e56,Converted from,2023-05-26T05:06:19Z,,,,,USDC,499.995939241188,499.995939241188
445ec84a-a3f0-5ef0-87e6-1897f09bb2f6,Advanced trade trade,2023-05-26T05:06:19Z,ETH,0.27549798,499.9973222410476,Coinbase,,,
5e8f982e-c4d0-5add-9e48-8cf6968a9d87,Convert,2023-05-26T05:07:13Z,,,,,ETH,0.2760867,501.065146297758
9e43f8c4-18b9-527a-a30c-00d50bcdf88e,Convert,2023-05-26T05:07:16Z,ETH2,0.2760867,501.065146297758,Coinbase,,,
a96cf779-f4be-5a5a-a81d-8f7a5b48d818,Rewards,2023-05-27T00:24:18Z,ATOM,0.150164,1.580025608,Coinbase,,,
3fe0346b-f5de-50a3-a7f6-5f4a5c02624f,Rewards,2023-05-27T00:35:01Z,ATOM,0.042556,0.447816788,Coinbase,,,
66e68305-453f-58db-95a8-a08351dc8725,Rewards,2023-05-27T00:47:14Z,ATOM,0.016,0.168224,Coinbase,,,
1a6c57ec-a280-5a0c-9abc-db4ed9bb8261,Sell,2023-05-27T04:09:19Z,,,,,BTC,0.00360606,96.1388587912968
604fa716-3749-5163-94ca-c10066cf7d21,Sell,2023-05-27T04:09:19Z,,,,,BTC,0.00453536,120.9143315995008
84adc3c4-a715-57ae-8217-334571951170,Sell,2023-05-27T04:09:20Z,,,,,BTC,0.00432811,115.3889719314708
69626ba1-b8bb-508d-9622-9545a323c8a4,Buy,2023-05-27T04:13:00Z,USDC,3032.44,3032.44,Coinbase,,,
cd942f4a-4242-5c89-813f-3a14048c0c4c,Buy,2023-05-27T04:16:22Z,USDC,500,500,Coinbase,,,
bf176719-709a-58ba-b8c3-65d650f60a68,Rewards,2023-05-27T04:22:47Z,ATOM,0.101637,1.076844015,Coinbase,,,
147f54fc-3492-5699-bfcb-73b20d9f73dc,Rewards,2023-05-27T04:24:31Z,ATOM,0.165381,1.7526251475,Coinbase,,,
af96c8ba-9343-543f-a3c9-73ba411099f5,Rewards,2023-05-27T04:25:12Z,ATOM,0.015088,0.159887536,Coinbase,,,
6950f176-f690-5f99-9867-ef3c1f27aff7,Spend,2023-05-27T04:27:55Z,,,,,USDC,2490.55,2490.55
7f74963e-502c-5792-adb8-558afec17e2b,Sell,2023-05-27T04:33:24Z,,,,,USDC,700,700
0070cf35-a3b0-59b5-a174-4307c57b2312,Rewards,2023-05-27T05:28:10Z,DOT,0.005239091,0.027683356844,Coinbase,,,
e4540b3a-3d29-5b4c-b913-477c9dba815d,Rewards,2023-05-27T06:01:49Z,ATOM,0.018511,0.1957815915,Coinbase,,,
d8e900cc-88d4-5ce0-a8f9-88043ad81267,Card rebate reward,2023-05-28T06:10:45Z,XLM,281.4816908,24.905500001984,Coinbase,,,
b8ad1e74-81e1-5d31-8b99-d820d572c8d7,Rewards,2023-05-28T10:17:47Z,DOT,0.0139342455,0.074826898335,Coinbase,,,
5ca1580c-d715-5d78-87f6-3609522cd064,Rewards,2023-05-28T18:15:25Z,ETH2,0.00131723,2.43350997735,Coinbase,,,
83c7d814-439f-5412-b5de-6d2b11a2781f,Rewards,2023-05-29T10:20:57Z,DOT,0.0463247122,0.2535814745828,Coinbase,,,
6fbebce4-0d9d-547c-9c6d-7d7119c69bd6,Rewards,2023-05-30T10:20:49Z,DOT,0.0426420725,0.234616682895,Coinbase,,,
5ad095bc-c4e6-5a0c-a273-51c5fedc3f99,Rewards,2023-05-30T10:24:15Z,DOT,0.0011720683,0.0064487197866,Coinbase,,,
8bafcf52-f9d8-589f-b90b-13b3da6f65d6,Rewards,2023-05-31T04:09:16Z,ADA,0.94356,0.358411266,Coinbase,,,
5d083acc-80ed-55c6-8f4b-87cb9b7293ed,Rewards,2023-05-31T17:18:37Z,ETH2,0.00118012257,2.19634381686555,Coinbase,,,
5f63c6e4-b593-556a-9d0f-5011cc45f6c7,Rewards,2023-05-31T19:27:54Z,DOT,0.030482959,0.1614529923435,Coinbase,,,
1e219f3b-4dd5-5e03-84a8-73af4e97706a,Rewards,2023-05-31T20:18:06Z,XTZ,0.423473,0.3830313285,Coinbase,,,
301195eb-ee45-53c2-8c9f-b3bb60edca17,Rewards,2023-05-31T23:20:37Z,XTZ,0.221606,0.200110218,Coinbase,,,
76ab947e-c52e-5876-861c-12b24b12b55f,Rewards,2023-05-31T23:22:10Z,XTZ,0.431542,0.389682426,Coinbase,,,
4a1d8c1b-cacd-5955-b6a5-fe7ec0fc65a9,Rewards,2023-05-31T23:24:00Z,XTZ,0.214213,0.193220126,Coinbase,,,
61f34420-87c9-55ae-b2f4-113378a81444,Rewards,2023-06-01T00:15:47Z,SOL,0.01847427,0.3866664711,Coinbase,,,
a41f40fa-c6b1-5e8d-8283-8680e2dc93d2,Rewards,2023-06-01T03:01:36Z,XTZ,0.419661,0.3737081205,Coinbase,,,
af5c5b7a-4725-5598-bac3-464058047b2b,Rewards,2023-06-01T07:08:23Z,XTZ,0.427875,0.382948125,Coinbase,,,
b2f308a0-89fc-56c8-9e51-7c4d3c37cd3c,Rewards,2023-06-01T07:21:55Z,XTZ,0.409915,0.3674887975,Coinbase,,,
0e529242-684d-5628-a742-e0f9924f4a30,Rewards,2023-06-01T19:27:25Z,SOL,0.018485922,0.38312073345,Coinbase,,,
d2aa0fc8-f844-5a73-9063-dbab699642ef,Rewards,2023-06-01T20:38:06Z,ADA,0.925426,0.3390760864,Coinbase,,,
33e4a925-6fc2-5cee-93f2-9a07ab4a2699,Buy,2023-06-02T05:31:00Z,USDC,1000,1000,Coinbase,,,
54bef1c1-4d42-5115-ada4-8893a838a79f,Rewards,2023-06-02T07:07:41Z,DOT,0.0440279604,0.2319613093674,Coinbase,,,
1b4938fd-4ced-5ae2-bc85-675eb009881b,Rewards,2023-06-02T10:19:11Z,DOT,0.0375250566,0.1979821986216,Coinbase,,,
2bb1d1d0-0a93-5030-83f6-c85c978dd3a5,Converted from,2023-06-02T13:46:41Z,,,,,USDC,299.392691568,299.392691568
c3543a12-1ad1-56cb-9782-38e887ee8c25,Advanced trade trade,2023-06-02T13:46:41Z,DOT,57.039,299.50722588,Coinbase,,,
766548ae-a8e9-59d8-b9bb-9239d0515b5f,Stake,2023-06-02T16:20:40Z,DOT,57.039,299.50722588,Coinbase,,,
5c2561fa-21fa-580e-b32e-90dc0d251330,Rewards,2023-06-03T10:19:47Z,DOT,0.0436760129,0.23098059422165,Coinbase,,,
ddb0182d-0f03-51b8-87ab-fbabb03de4b1,Rewards,2023-06-03T22:43:25Z,ETH2,0.001387508679,2.625353734339665,Coinbase,,,
0f903761-c77d-5a04-b202-fe74478bc0eb,Rewards,2023-06-04T10:26:30Z,DOT,0.005700866,0.030596547822,Coinbase,,,
ec382f22-c8ec-5139-9bd0-a95e6fc44e8b,Rewards,2023-06-04T10:27:11Z,DOT,0.0710864138,0.3815207828646,Coinbase,,,
e8363c06-d89d-5dc0-954a-b385f4c0757a,Rewards,2023-06-04T12:59:15Z,USDC,1.016081,1.016081,Coinbase,,,
31b6f74d-c2b6-54e9-9878-3695a6e02333,Buy,2023-06-05T04:49:42Z,USDC,1000,1000,Coinbase,,,
f616ba1f-c466-5a3a-8d1a-015dee102b12,Rewards,2023-06-05T10:29:08Z,DOT,0.0033009559,0.0174521538433,Coinbase,,,
f569a7dd-0639-5280-b45a-41aeec53480b,Rewards,2023-06-05T10:36:09Z,DOT,0.0703743817,0.37203416885705,Coinbase,,,
3e6422cd-1e4e-5d23-a754-a6bced73494f,Converted from,2023-06-05T15:04:05Z,,,,,USDC,253.88620884,253.88620884
fba00620-c009-5018-916a-a8ebde59239c,Advanced trade trade,2023-06-05T15:04:05Z,XTZ,283.81,254.02868146,Coinbase,,,
9064b065-c210-597b-ba48-f3b61a57642f,Converted from,2023-06-05T15:04:05Z,,,,,USDC,45.50647068,45.50647068
08592d16-05eb-5227-9d07-ada13ca568e4,Advanced trade trade,2023-06-05T15:04:05Z,XTZ,50.87,45.53200742,Coinbase,,,
c24a397f-bfff-5c09-8937-ca1d716f1572,Converted from,2023-06-05T15:19:36Z,,,,,USDC,299.33799164,299.33799164
ed2b2d65-f9ab-51b3-a8ef-05a56a3e288f,Advanced trade trade,2023-06-05T15:19:36Z,ATOM,28.43,299.38080722,Coinbase,,,
92096928-deff-5170-9305-7a6f314b7c95,Converted from,2023-06-05T15:26:16Z,,,,,USDC,299.3730212,299.3730212
f0629e94-6411-544a-8c5f-c82c418b7a58,Advanced trade trade,2023-06-05T15:26:16Z,SOL,14.267,299.58788222,Coinbase,,,
3ef7a360-30f5-53c5-ab20-22dbb7a6c012,Buy,2023-06-05T15:56:47Z,USDC,500,500,Coinbase,,,
c148d28a-0982-5e03-8f35-b3a882ed2233,Sell,2023-06-05T18:49:06Z,,,,,DOGE,5051.1,332.677770684
0d2e7373-bd8b-59b4-8e17-258956fd3585,Sell,2023-06-05T18:49:06Z,,,,,DOGE,779.5,51.33977198
c97ed4e8-226d-55ca-87c4-b1a26c57c468,Sell,2023-06-05T18:51:03Z,,,,,MATIC,3.6,2.99612736
03c99472-4a18-5317-8cd0-6cdcf43d46f1,Sell,2023-06-05T18:52:46Z,,,,,MATIC,10.7,8.90515632
17cf51e8-7647-56c1-a280-fef63fe9881a,Sell,2023-06-05T18:55:34Z,,,,,XTZ,11.72,9.91047888
f63259fd-71a3-5c26-90d5-d2902b0d20e6,Sell,2023-06-05T18:55:35Z,,,,,XTZ,322.96,273.09626784
23e8263d-8a47-5177-8112-5ef8369fe563,Buy,2023-06-05T19:00:04Z,MTL,245.58,338.77662768,Coinbase,,,
b7f24d4f-79d8-52f5-ab51-a24f048ae8a8,Buy,2023-06-05T19:01:35Z,MULTI,41.274,169.734537216,Coinbase,,,
c44b6132-c5b0-529e-bade-dc3eca192851,Buy,2023-06-05T19:01:35Z,MULTI,41.273,169.730424832,Coinbase,,,
ef4ee7db-022b-536c-aa5d-3a5683efb459,Sell,2023-06-05T19:07:16Z,,,,,SOL,14.267,284.05654068
38539792-89cd-51c2-8e47-7ff72d3887e8,Sell,2023-06-05T19:08:34Z,,,,,MATIC,1.1,0.91581204
f7276ed7-84be-5fc5-9ff4-fd9eccbd25ec,Sell,2023-06-05T19:08:49Z,,,,,MATIC,556.4,463.23438096
c583070e-233d-5643-908c-a6a36e4d1444,Rewards,2023-06-05T19:13:09Z,SOL,0.018436912,0.36772420984,Coinbase,,,
ba3eb1d5-df23-5fae-bd97-e305fbc522e0,Sell,2023-06-05T19:17:04Z,,,,,ATOM,28.43,281.69035344
7b67c3c3-c8b1-5107-8be6-8b437d64bf6b,Buy,2023-06-05T19:21:16Z,DEXT,50,24.01066,Coinbase,,,
39271656-76a3-56d4-947f-59eb7360e267,Buy,2023-06-05T19:24:19Z,PRIME,2.92,4.42976848,Coinbase,,,
53f7a62e-bbac-5b7b-bfef-b97476da6935,Buy,2023-06-05T19:24:19Z,PRIME,3.02,4.58147288,Coinbase,,,
36eea22f-f2a0-55cd-b5f6-a1d98a8c187c,Buy,2023-06-05T19:24:19Z,PRIME,3.71,5.62823324,Coinbase,,,
7f985ab6-fde1-550c-8d5a-5a328c989e12,Buy,2023-06-05T19:24:19Z,PRIME,3.3,5.0062452,Coinbase,,,
d78b61e4-762c-53e0-a07b-8063edc90423,Buy,2023-06-05T19:24:19Z,PRIME,5.19,7.87345836,Coinbase,,,
121b30b5-693a-517c-9f20-11533ab00c31,Buy,2023-06-05T19:24:19Z,PRIME,5.37,8.14652628,Coinbase,,,
7be17425-3350-5661-a5f8-1e54ff5a56f2,Buy,2023-06-05T19:24:19Z,PRIME,5.12,7.76726528,Coinbase,,,
3932ace5-b144-55ae-aef9-978f6dcd8fea,Buy,2023-06-05T19:24:19Z,PRIME,3.51,5.32482444,Coinbase,,,
73c61a10-6122-5667-9622-b8be0e1f6f46,Buy,2023-06-05T19:24:19Z,PRIME,5.05,7.6610722,Coinbase,,,
2acc9cfb-7b15-5c3e-9ac6-4ec470233c92,Buy,2023-06-05T19:24:19Z,PRIME,5.58,8.46510552,Coinbase,,,
ad311d72-6b62-5535-8cdb-87382d216972,Buy,2023-06-05T19:25:41Z,PRIME,0.66,1.00124904,Coinbase,,,
6bfca874-8ae3-5e7a-bc37-8810e7ee6940,Buy,2023-06-05T19:26:24Z,PRIME,0.4,0.6068176,Coinbase,,,
2e710f2c-b70d-54ea-964b-42e32ac384fa,Buy,2023-06-05T19:26:40Z,PRIME,0.07,0.10619308,Coinbase,,,
f6101b1c-f22d-5710-a7e7-5bb625c1e04f,Buy,2023-06-05T19:27:07Z,PRIME,0.07,0.10619308,Coinbase,,,
bfa4d0d4-1f4a-53d2-99a2-ede4a2278952,Buy,2023-06-05T19:27:27Z,PRIME,0.12,0.18204528,Coinbase,,,
1a4e8905-4153-57d2-afca-384d37d59c3b,Buy,2023-06-05T19:27:44Z,PRIME,0.4,0.6068176,Coinbase,,,
7105a017-739c-5246-8ffa-204027ec13c2,Buy,2023-06-05T19:28:37Z,PRIME,0.07,0.10619308,Coinbase,,,
bf056842-42df-5d25-bdbc-a193493d9464,Buy,2023-06-05T19:33:00Z,PRIME,166.16,252.07203104,Coinbase,,,
d784da0f-3e18-5dc9-bf88-93a0c56d4d8e,Buy,2023-06-05T19:42:39Z,AVT,314.98,341.5391136,Coinbase,,,
8163d960-bcf4-5899-b635-332516296a9c,Buy,2023-06-05T19:46:33Z,DEXT,665.2,319.43782064,Coinbase,,,
a221fe4c-e3ec-5fba-ad11-3df9856026ad,Rewards,2023-06-05T20:27:40Z,ATOM,0.033002,0.330366521,Coinbase,,,
