Base Currency,Quote Currency,Prime Supported,Exchange Supported,Custody Supported,Tradeable in NY?
1INCH,BTC,Yes,Yes,Yes,No
1INCH,USD,Yes,Yes,Yes,No
AAVE,BTC,Yes,Yes,Yes,Yes
AAVE,USD,Yes,Yes,Yes,Yes
ABT,USD,Yes,Yes,Yes,No
ABT,USD,Yes,Yes,Yes,No
ACH,USD,Yes,Yes,Yes,Yes
ACH,USDT,Yes,Yes,Yes,Yes
ACS,USD,Yes,Yes,Yes,No
ADA,BTC,Yes,Yes,Yes,Yes
ADA,BTC,Yes,Yes,Yes,Yes
ADA,ETH,Yes,Yes,Yes,Yes
ADA,ETH,Yes,Yes,Yes,Yes
ADA,EUR,Yes,Yes,Yes,Yes
ADA,EUR,Yes,Yes,Yes,Yes
ADA,USD,Yes,Yes,Yes,Yes
ADA,USD,Yes,Yes,Yes,Yes
ADA,USDC,Yes,No,Yes,Yes
ADA,USDC,Yes,No,Yes,Yes
ADA,USDT,Yes,Yes,Yes,Yes
ADA,USDT,Yes,Yes,Yes,Yes
AERGO,USD,Yes,Yes,Yes,Yes
AERGO,USD,Yes,Yes,Yes,Yes
AGLD,USD,Yes,Yes,Yes,Yes
AIOZ,USD,Yes,Yes,Yes,No
AIOZ,USD,Yes,Yes,Yes,No
AIOZ,USD,Yes,Yes,Yes,No
AIOZ,USDT,Yes,No,Yes,No
AIOZ,USDT,Yes,No,Yes,No
AIOZ,USDT,Yes,No,Yes,No
ALCX,USD,Yes,Yes,Yes,Yes
ALEPH,USD,Yes,Yes,Yes,No
ALEPH,USD,Yes,Yes,Yes,No
ALGO,BTC,Yes,Yes,Yes,Yes
ALGO,USD,Yes,Yes,Yes,Yes
ALICE,USD,Yes,Yes,Yes,Yes
ALICE,USD,Yes,Yes,Yes,Yes
AMP,USD,Yes,Yes,Yes,Yes
ANKR,USD,Yes,Yes,Yes,Yes
APE,USD,Yes,Yes,Yes,Yes
APE,USDT,Yes,Yes,Yes,Yes
API3,USD,Yes,Yes,Yes,Yes
API3,USD,Yes,Yes,Yes,Yes
API3,USDT,Yes,Yes,Yes,Yes
API3,USDT,Yes,Yes,Yes,Yes
APT,USD,Yes,Yes,Yes,No
APT,USDT,Yes,Yes,Yes,No
ARB,USD,Yes,Yes,Yes,No
ARB,USD,Yes,Yes,Yes,No
ARPA,USD,Yes,Yes,Yes,Yes
ARPA,USDT,Yes,Yes,Yes,Yes
ASM,USD,Yes,Yes,Yes,Yes
ASM,USDT,Yes,Yes,Yes,Yes
AST,USD,Yes,Yes,Yes,No
AST,USD,Yes,Yes,Yes,No
ATA,USD,Yes,Yes,Yes,No
ATA,USDT,Yes,Yes,Yes,No
ATOM,BTC,Yes,Yes,Yes,Yes
ATOM,USD,Yes,Yes,Yes,Yes
ATOM,USDT,Yes,Yes,Yes,Yes
AUCTION,USD,Yes,Yes,Yes,Yes
AUDIO,USD,Yes,Yes,Yes,No
AURORA,USD,Yes,Yes,Yes,No
AURORA,USD,Yes,Yes,Yes,No
AVAX,BTC,Yes,Yes,Yes,Yes
AVAX,USD,Yes,Yes,Yes,Yes
AVAX,USDT,Yes,Yes,Yes,Yes
AVT,USD,Yes,Yes,Yes,Yes
AVT,USD,Yes,Yes,Yes,Yes
BADGER,USD,Yes,Yes,Yes,Yes
BADGER,USDT,Yes,Yes,Yes,Yes
BAL,BTC,Yes,Yes,Yes,Yes
BAL,USD,Yes,Yes,Yes,Yes
BAND,BTC,Yes,Yes,Yes,Yes
BAND,USD,Yes,Yes,Yes,Yes
BAT,BTC,Yes,Yes,Yes,Yes
BAT,BTC,Yes,Yes,Yes,Yes
BAT,ETH,Yes,Yes,Yes,Yes
BAT,ETH,Yes,Yes,Yes,Yes
BAT,USD,Yes,Yes,Yes,Yes
BAT,USD,Yes,Yes,Yes,Yes
BAT,USDC,Yes,No,Yes,Yes
BAT,USDC,Yes,No,Yes,Yes
BCH,BTC,Yes,Yes,Yes,Yes
BCH,USD,Yes,Yes,Yes,Yes
BICO,USD,Yes,Yes,Yes,Yes
BIT,USD,Yes,Yes,Yes,Yes
BIT,USDT,Yes,Yes,Yes,Yes
BLUR,USD,Yes,Yes,Yes,No
BLZ,USD,Yes,Yes,Yes,Yes
BLZ,USD,Yes,Yes,Yes,Yes
BNT,BTC,Yes,Yes,Yes,Yes
BNT,USD,Yes,Yes,Yes,Yes
BOBA,USD,Yes,Yes,Yes,No
BOBA,USDT,Yes,Yes,Yes,No
BOND,USD,Yes,Yes,Yes,Yes
BOND,USDT,Yes,Yes,Yes,Yes
BTC,EUR,Yes,Yes,Yes,Yes
BTC,EUR,Yes,Yes,Yes,Yes
BTC,EUR,Yes,Yes,Yes,Yes
BTC,USD,Yes,Yes,Yes,Yes
BTC,USD,Yes,Yes,Yes,Yes
BTC,USD,Yes,Yes,Yes,Yes
BTC,USDC,Yes,No,Yes,Yes
BTC,USDC,Yes,No,Yes,Yes
BTC,USDC,Yes,No,Yes,Yes
BTC,USDT,Yes,Yes,Yes,Yes
BTC,USDT,Yes,Yes,Yes,Yes
BTC,USDT,Yes,Yes,Yes,Yes
BTC,UST,Yes,No,Yes,Yes
BTC,UST,Yes,No,Yes,Yes
BTC,UST,Yes,No,Yes,Yes
BTRST,BTC,Yes,Yes,Yes,Yes
BTRST,USD,Yes,Yes,Yes,Yes
BTRST,USDT,Yes,Yes,Yes,Yes
BUSD,USD,Yes,No,Yes,No
BUSD,USD,Yes,No,Yes,No
C98,USD,Yes,Yes,Yes,Yes
C98,USDT,Yes,Yes,Yes,Yes
CBETH,ETH,Yes,Yes,Yes,No
CBETH,ETH,Yes,Yes,Yes,No
CBETH,USD,Yes,Yes,Yes,No
CBETH,USD,Yes,Yes,Yes,No
CELR,USD,Yes,Yes,Yes,No
CELR,USD,Yes,Yes,Yes,No
CGLD,BTC,Yes,Yes,Yes,Yes
CGLD,USD,Yes,Yes,Yes,Yes
CHZ,USD,Yes,Yes,Yes,No
CHZ,USDT,Yes,Yes,Yes,No
CLV,USD,Yes,Yes,Yes,No
CLV,USDT,Yes,Yes,Yes,No
COMP,BTC,Yes,Yes,Yes,Yes
COMP,USD,Yes,Yes,Yes,Yes
COTI,USD,Yes,Yes,Yes,No
COTI,USD,Yes,Yes,Yes,No
COVAL,USD,Yes,Yes,Yes,Yes
COVAL,USD,Yes,Yes,Yes,Yes
COVAL,USDT,Yes,Yes,Yes,Yes
COVAL,USDT,Yes,Yes,Yes,Yes
CRO,USD,Yes,Yes,Yes,Yes
CRO,USDT,Yes,Yes,Yes,Yes
CRPT,USD,Yes,Yes,Yes,Yes
CRPT,USD,Yes,Yes,Yes,Yes
CRV,BTC,Yes,Yes,Yes,Yes
CRV,USD,Yes,Yes,Yes,Yes
CTSI,USD,Yes,Yes,Yes,Yes
CTX,USD,Yes,Yes,Yes,Yes
CTX,USDT,Yes,Yes,Yes,Yes
CVC,USD,Yes,Yes,Yes,Yes
CVC,USD,Yes,Yes,Yes,Yes
CVC,USDC,Yes,No,Yes,Yes
CVC,USDC,Yes,No,Yes,Yes
CVX,USD,Yes,Yes,Yes,No
DAI,USD,Yes,Yes,Yes,Yes
DAI,USD,Yes,Yes,Yes,Yes
DAI,USDC,Yes,No,Yes,Yes
DAI,USDC,Yes,No,Yes,Yes
DAR,USD,Yes,Yes,Yes,No
DAR,USD,Yes,Yes,Yes,No
DDX,USD,Yes,Yes,Yes,No
DDX,USD,Yes,Yes,Yes,No
DDX,USDT,Yes,Yes,Yes,No
DDX,USDT,Yes,Yes,Yes,No
DESO,USD,Yes,Yes,Yes,No
DESO,USDT,Yes,Yes,Yes,No
DEXT,USD,Yes,Yes,Yes,No
DEXT,USD,Yes,Yes,Yes,No
DEXT,USDT,Yes,No,Yes,No
DEXT,USDT,Yes,No,Yes,No
DIA,USD,Yes,Yes,Yes,Yes
DIA,USDT,Yes,Yes,Yes,Yes
DIMO,USD,Yes,Yes,Yes,No
DNT,USD,Yes,Yes,Yes,No
DNT,USD,Yes,Yes,Yes,No
DNT,USDC,Yes,No,Yes,No
DNT,USDC,Yes,No,Yes,No
DOGE,BTC,Yes,Yes,Yes,Yes
DOGE,USD,Yes,Yes,Yes,Yes
DOGE,USDT,Yes,Yes,Yes,Yes
DOT,BTC,Yes,Yes,Yes,Yes
DOT,USD,Yes,Yes,Yes,Yes
DOT,USDT,Yes,Yes,Yes,Yes
DREP,USD,Yes,Yes,Yes,No
DREP,USD,Yes,Yes,Yes,No
DREP,USDT,Yes,No,Yes,No
DREP,USDT,Yes,No,Yes,No
DYP,USD,Yes,Yes,Yes,No
DYP,USDT,Yes,Yes,Yes,No
EGLD,USD,Yes,Yes,Yes,No
EGLD,USD,Yes,Yes,Yes,No
ELA,USD,Yes,Yes,Yes,No
ELA,USDT,Yes,Yes,Yes,No
ENJ,BTC,Yes,Yes,Yes,No
ENJ,USD,Yes,Yes,Yes,No
ENJ,USDT,Yes,Yes,Yes,No
ENS,USD,Yes,Yes,Yes,Yes
ENS,USDT,Yes,Yes,Yes,Yes
EOS,BTC,Yes,Yes,Yes,No
EOS,USD,Yes,Yes,Yes,No
ERN,USD,Yes,Yes,Yes,Yes
ERN,USDT,Yes,Yes,Yes,Yes
ETC,BTC,Yes,Yes,Yes,Yes
ETC,USD,Yes,Yes,Yes,Yes
ETH,BTC,Yes,Yes,Yes,Yes
ETH,BTC,Yes,Yes,Yes,Yes
ETH,DAI,Yes,Yes,Yes,Yes
ETH,DAI,Yes,Yes,Yes,Yes
ETH,EUR,Yes,Yes,Yes,Yes
ETH,EUR,Yes,Yes,Yes,Yes
ETH,USD,Yes,Yes,Yes,Yes
ETH,USD,Yes,Yes,Yes,Yes
ETH,USDC,Yes,No,Yes,Yes
ETH,USDC,Yes,No,Yes,Yes
ETH,USDT,Yes,Yes,Yes,Yes
ETH,USDT,Yes,Yes,Yes,Yes
EUROC,USD,Yes,Yes,Yes,No
FARM,USD,Yes,Yes,Yes,Yes
FET,USD,Yes,Yes,Yes,Yes
FET,USDT,Yes,Yes,Yes,Yes
FIDA,USD,Yes,Yes,Yes,No
FIDA,USDT,Yes,Yes,Yes,No
FIL,BTC,Yes,Yes,Yes,Yes
FIL,USD,Yes,Yes,Yes,Yes
FIS,USD,Yes,Yes,Yes,No
FIS,USDT,Yes,Yes,Yes,No
FORT,USD,Yes,Yes,Yes,No
FORT,USDT,Yes,Yes,Yes,No
FORTH,USD,Yes,Yes,Yes,No
FOX,USD,Yes,Yes,Yes,Yes
FOX,USD,Yes,Yes,Yes,Yes
FOX,USDT,Yes,Yes,Yes,Yes
FOX,USDT,Yes,Yes,Yes,Yes
FX,USD,Yes,Yes,Yes,Yes
GAL,USD,Yes,Yes,Yes,No
GAL,USDT,Yes,Yes,Yes,No
GALA,EUR,Yes,Yes,Yes,Yes
GALA,USD,Yes,Yes,Yes,Yes
GALA,USDT,Yes,Yes,Yes,Yes
GFI,USD,Yes,Yes,Yes,Yes
GFI,USD,Yes,Yes,Yes,Yes
GHST,USD,Yes,Yes,Yes,No
GLM,USD,Yes,Yes,Yes,Yes
GLM,USD,Yes,Yes,Yes,Yes
GMT,USD,Yes,Yes,Yes,Yes
GMT,USDT,Yes,Yes,Yes,Yes
GNO,USD,Yes,Yes,Yes,No
GNO,USD,Yes,Yes,Yes,No
GNO,USDT,Yes,No,Yes,No
GNO,USDT,Yes,No,Yes,No
GNT,USDC,Yes,No,No,No
GODS,USD,Yes,Yes,Yes,Yes
GODS,USD,Yes,Yes,Yes,Yes
GRT,BTC,Yes,Yes,Yes,Yes
GRT,USD,Yes,Yes,Yes,Yes
GST,USD,Yes,Yes,Yes,No
GST,USD,Yes,Yes,Yes,No
GTC,USD,Yes,Yes,Yes,Yes
GUSD,USD,Yes,Yes,Yes,Yes
GUSD,USD,Yes,Yes,Yes,Yes
GYEN,USD,Yes,Yes,Yes,Yes
GYEN,USD,Yes,Yes,Yes,Yes
HFT,USD,Yes,Yes,Yes,No
HFT,USDT,Yes,Yes,Yes,No
HIGH,USD,Yes,Yes,Yes,No
HIGH,USD,Yes,Yes,Yes,No
HOPR,USD,Yes,Yes,Yes,No
HOPR,USD,Yes,Yes,Yes,No
HOPR,USDT,Yes,Yes,Yes,No
HOPR,USDT,Yes,Yes,Yes,No
ICP,BTC,Yes,Yes,Yes,Yes
ICP,EUR,Yes,Yes,Yes,Yes
ICP,USD,Yes,Yes,Yes,Yes
ICP,USDT,Yes,Yes,Yes,Yes
IDEX,USD,Yes,Yes,Yes,Yes
IDEX,USD,Yes,Yes,Yes,Yes
ILV,USD,Yes,Yes,Yes,No
IMX,USD,Yes,Yes,Yes,Yes
IMX,USD,Yes,Yes,Yes,Yes
IMX,USDT,Yes,Yes,Yes,Yes
IMX,USDT,Yes,Yes,Yes,Yes
INDEX,USD,Yes,Yes,Yes,Yes
INDEX,USDT,Yes,Yes,Yes,Yes
INJ,USD,Yes,Yes,Yes,No
INV,USD,Yes,Yes,Yes,Yes
INV,USD,Yes,Yes,Yes,Yes
IOTX,USD,Yes,Yes,Yes,Yes
IOTX,USD,Yes,Yes,Yes,Yes
JASMY,USD,Yes,Yes,Yes,Yes
JASMY,USDT,Yes,Yes,Yes,Yes
JUP,USD,Yes,Yes,Yes,No
JUP,USD,Yes,Yes,Yes,No
KEEP,USD,Yes,No,Yes,Yes
KNC,BTC,Yes,Yes,Yes,Yes
KNC,USD,Yes,Yes,Yes,Yes
KRL,USD,Yes,Yes,Yes,Yes
KRL,USDT,Yes,Yes,Yes,Yes
KSM,USD,Yes,Yes,Yes,No
KSM,USDT,Yes,Yes,Yes,No
LCX,USD,Yes,Yes,Yes,Yes
LCX,USDT,Yes,Yes,Yes,Yes
LDO,USD,Yes,Yes,Yes,No
LINK,BTC,Yes,Yes,Yes,Yes
LINK,BTC,Yes,Yes,Yes,Yes
LINK,ETH,Yes,Yes,Yes,Yes
LINK,ETH,Yes,Yes,Yes,Yes
LINK,USD,Yes,Yes,Yes,Yes
LINK,USD,Yes,Yes,Yes,Yes
LINK,USDT,Yes,Yes,Yes,Yes
LINK,USDT,Yes,Yes,Yes,Yes
LIT,USD,Yes,Yes,Yes,No
LOKA,USD,Yes,Yes,Yes,No
LOKA,USD,Yes,Yes,Yes,No
LOOM,USD,Yes,No,Yes,Yes
LOOM,USDC,Yes,No,Yes,Yes
LPT,USD,Yes,Yes,Yes,Yes
LQTY,USD,Yes,Yes,Yes,Yes
LQTY,USDT,Yes,Yes,Yes,Yes
LRC,BTC,Yes,Yes,Yes,Yes
LRC,USD,Yes,Yes,Yes,Yes
LRC,USDT,Yes,Yes,Yes,Yes
LSETH,ETH,Yes,Yes,Yes,No
LSETH,USD,Yes,Yes,Yes,No
LTC,BTC,Yes,Yes,Yes,Yes
LTC,USD,Yes,Yes,Yes,Yes
MANA,BTC,Yes,Yes,Yes,Yes
MANA,BTC,Yes,Yes,Yes,Yes
MANA,ETH,Yes,Yes,Yes,Yes
MANA,ETH,Yes,Yes,Yes,Yes
MANA,USD,Yes,Yes,Yes,Yes
MANA,USD,Yes,Yes,Yes,Yes
MANA,USDC,Yes,No,Yes,Yes
MANA,USDC,Yes,No,Yes,Yes
MASK,USD,Yes,Yes,Yes,Yes
MASK,USDT,Yes,Yes,Yes,Yes
MATH,USD,Yes,Yes,Yes,No
MATH,USD,Yes,Yes,Yes,No
MATH,USDT,Yes,Yes,Yes,No
MATH,USDT,Yes,Yes,Yes,No
MATIC,BTC,Yes,Yes,Yes,Yes
MATIC,EUR,Yes,Yes,Yes,Yes
MATIC,USD,Yes,Yes,Yes,Yes
MATIC,USDT,Yes,Yes,Yes,Yes
MCO2,USD,Yes,Yes,Yes,Yes
MCO2,USD,Yes,Yes,Yes,Yes
MCO2,USDT,Yes,Yes,Yes,Yes
MCO2,USDT,Yes,Yes,Yes,Yes
MDT,USD,Yes,Yes,Yes,Yes
MDT,USD,Yes,Yes,Yes,Yes
MDT,USDT,Yes,Yes,Yes,Yes
MDT,USDT,Yes,Yes,Yes,Yes
MEDIA,USD,Yes,Yes,Yes,No
MEDIA,USDT,Yes,Yes,Yes,No
METIS,USD,Yes,Yes,Yes,No
METIS,USDT,Yes,Yes,Yes,No
MINA,USD,Yes,Yes,Yes,Yes
MINA,USDT,Yes,Yes,Yes,Yes
MIR,USD,Yes,No,Yes,Yes
MKR,BTC,Yes,Yes,Yes,Yes
MKR,BTC,Yes,Yes,Yes,Yes
MKR,USD,Yes,Yes,Yes,Yes
MKR,USD,Yes,Yes,Yes,Yes
MLN,USD,Yes,Yes,Yes,Yes
MNDE,USD,Yes,Yes,Yes,No
MONA,USD,Yes,Yes,Yes,No
MONA,USD,Yes,Yes,Yes,No
MPL,USD,Yes,Yes,Yes,Yes
MPL,USD,Yes,Yes,Yes,Yes
MSOL,USD,Yes,Yes,Yes,No
MTL,USD,Yes,Yes,Yes,No
MTL,USD,Yes,Yes,Yes,No
MULTI,USD,Yes,Yes,Yes,No
MUSD,USD,Yes,No,Yes,Yes
MUSD,USD,Yes,No,Yes,Yes
MUSE,USD,Yes,Yes,Yes,No
MUSE,USD,Yes,Yes,Yes,No
MXC,USD,Yes,Yes,Yes,No
MXC,USD,Yes,Yes,Yes,No
NCT,USD,Yes,Yes,Yes,No
NCT,USDT,Yes,Yes,Yes,No
NEAR,USD,Yes,Yes,Yes,No
NEAR,USDT,Yes,Yes,Yes,No
NEST,USD,Yes,Yes,Yes,No
NEST,USDT,Yes,Yes,Yes,No
NKN,BTC,Yes,Yes,Yes,Yes
NKN,USD,Yes,Yes,Yes,Yes
NMR,BTC,Yes,Yes,Yes,Yes
NMR,USD,Yes,Yes,Yes,Yes
NU,USD,Yes,No,Yes,Yes
OGN,BTC,Yes,Yes,Yes,Yes
OGN,USD,Yes,Yes,Yes,Yes
OMG,BTC,Yes,No,Yes,Yes
OMG,USD,Yes,No,Yes,Yes
OOKI,USD,Yes,Yes,Yes,No
OOKI,USD,Yes,Yes,Yes,No
OP,USD,Yes,Yes,Yes,No
OP,USDT,Yes,Yes,Yes,No
ORCA,USD,Yes,Yes,Yes,Yes
ORCA,USD,Yes,Yes,Yes,Yes
ORN,BTC,Yes,Yes,Yes,No
ORN,USD,Yes,Yes,Yes,No
OXT,USD,Yes,Yes,Yes,Yes
PAX,USD,Yes,Yes,Yes,Yes
PAX,USD,Yes,Yes,Yes,Yes
PERP,USD,Yes,Yes,Yes,Yes
PERP,USDT,Yes,Yes,Yes,Yes
PLA,USD,Yes,Yes,Yes,Yes
PLU,USD,Yes,Yes,Yes,Yes
PLU,USD,Yes,Yes,Yes,Yes
POLS,USD,Yes,Yes,Yes,Yes
POLS,USD,Yes,Yes,Yes,Yes
POLS,USDT,Yes,Yes,Yes,Yes
POLS,USDT,Yes,Yes,Yes,Yes
POLY,USD,Yes,Yes,Yes,Yes
POLY,USDT,Yes,Yes,Yes,Yes
POND,USD,Yes,Yes,Yes,No
POND,USDT,Yes,Yes,Yes,No
POWR,USD,Yes,Yes,Yes,Yes
POWR,USDT,Yes,Yes,Yes,Yes
PRIME,USD,Yes,Yes,Yes,No
PRO,USD,Yes,Yes,Yes,Yes
PRO,USD,Yes,Yes,Yes,Yes
PRQ,USD,Yes,Yes,Yes,No
PRQ,USD,Yes,Yes,Yes,No
PRQ,USDT,Yes,Yes,Yes,No
PRQ,USDT,Yes,Yes,Yes,No
PUNDIX,USD,Yes,Yes,Yes,No
PYR,USD,Yes,Yes,Yes,No
QNT,USD,Yes,Yes,Yes,Yes
QNT,USDT,Yes,Yes,Yes,Yes
QSP,USD,Yes,Yes,Yes,Yes
QSP,USD,Yes,Yes,Yes,Yes
QSP,USDT,Yes,Yes,Yes,Yes
QSP,USDT,Yes,Yes,Yes,Yes
QUICK,USD,Yes,Yes,Yes,Yes
RAD,BTC,Yes,Yes,Yes,No
RAD,USD,Yes,Yes,Yes,No
RAD,USDT,Yes,Yes,Yes,No
RAI,USD,Yes,Yes,Yes,Yes
RARE,USD,Yes,Yes,Yes,No
RARE,USD,Yes,Yes,Yes,No
RARI,USD,Yes,Yes,Yes,Yes
RARI,USD,Yes,Yes,Yes,Yes
RBN,USD,Yes,Yes,Yes,Yes
RBN,USD,Yes,Yes,Yes,Yes
REN,BTC,Yes,Yes,Yes,Yes
REN,USD,Yes,Yes,Yes,Yes
REQ,BTC,Yes,Yes,Yes,Yes
REQ,USD,Yes,Yes,Yes,Yes
REQ,USDT,Yes,Yes,Yes,Yes
RGT,USD,Yes,No,Yes,No
RLC,USD,Yes,Yes,Yes,Yes
RLY,USD,Yes,No,Yes,Yes
RNDR,USD,Yes,Yes,Yes,Yes
RNDR,USDT,Yes,Yes,Yes,Yes
ROSE,USD,Yes,Yes,Yes,No
ROSE,USD,Yes,Yes,Yes,No
ROSE,USDT,Yes,Yes,Yes,No
ROSE,USDT,Yes,Yes,Yes,No
SAND,USD,Yes,Yes,Yes,No
SAND,USDT,Yes,Yes,Yes,No
SHIB,EUR,Yes,Yes,Yes,Yes
SHIB,USD,Yes,Yes,Yes,Yes
SHIB,USDT,Yes,Yes,Yes,Yes
SHPING,USD,Yes,Yes,Yes,Yes
SHPING,USDT,Yes,Yes,Yes,Yes
SKL,BTC,Yes,Yes,Yes,Yes
SKL,USD,Yes,Yes,Yes,Yes
SNT,USD,Yes,Yes,Yes,Yes
SNT,USD,Yes,Yes,Yes,Yes
SNX,BTC,Yes,Yes,Yes,Yes
SNX,USD,Yes,Yes,Yes,Yes
SOL,BTC,Yes,Yes,Yes,Yes
SOL,ETH,Yes,Yes,Yes,Yes
SOL,USD,Yes,Yes,Yes,Yes
SOL,USDT,Yes,Yes,Yes,Yes
SPELL,USD,Yes,Yes,Yes,Yes
SPELL,USD,Yes,Yes,Yes,Yes
SPELL,USDT,Yes,Yes,Yes,Yes
SPELL,USDT,Yes,Yes,Yes,Yes
STG,USD,Yes,No,Yes,No
STG,USDT,Yes,No,Yes,No
STORJ,BTC,Yes,Yes,Yes,Yes
STORJ,BTC,Yes,Yes,Yes,Yes
STORJ,USD,Yes,Yes,Yes,Yes
STORJ,USD,Yes,Yes,Yes,Yes
STX,USD,Yes,Yes,Yes,No
STX,USD,Yes,Yes,Yes,No
STX,USDT,Yes,Yes,Yes,No
STX,USDT,Yes,Yes,Yes,No
SUKU,USD,Yes,Yes,Yes,Yes
SUPER,USD,Yes,Yes,Yes,Yes
SUPER,USD,Yes,Yes,Yes,Yes
SUPER,USDT,Yes,Yes,Yes,Yes
SUPER,USDT,Yes,Yes,Yes,Yes
SUSHI,BTC,Yes,Yes,Yes,No
SUSHI,ETH,Yes,Yes,Yes,No
SUSHI,USD,Yes,Yes,Yes,No
SWFTC,USD,Yes,Yes,Yes,No
SWFTC,USD,Yes,Yes,Yes,No
SYLO,USD,Yes,Yes,Yes,No
SYLO,USDT,Yes,Yes,Yes,No
SYN,USD,Yes,Yes,Yes,Yes
SYN,USD,Yes,Yes,Yes,Yes
T,USD,Yes,Yes,Yes,No
TIME,USD,Yes,Yes,Yes,No
TIME,USDT,Yes,Yes,Yes,No
TONE,USD,Yes,Yes,Yes,No
TONE,USD,Yes,Yes,Yes,No
TRAC,USD,Yes,Yes,Yes,Yes
TRAC,USDT,Yes,Yes,Yes,Yes
TRB,USD,Yes,Yes,Yes,Yes
TRIBE,USD,Yes,No,Yes,Yes
TRU,BTC,Yes,Yes,Yes,Yes
TRU,USD,Yes,Yes,Yes,Yes
TRU,USDT,Yes,Yes,Yes,Yes
TVK,USD,Yes,Yes,Yes,No
UMA,BTC,Yes,Yes,Yes,Yes
UMA,USD,Yes,Yes,Yes,Yes
UNFI,USD,Yes,Yes,Yes,Yes
UNFI,USD,Yes,Yes,Yes,Yes
UNI,BTC,Yes,Yes,Yes,Yes
UNI,USD,Yes,Yes,Yes,Yes
UPI,USD,Yes,No,Yes,Yes
UPI,USD,Yes,No,Yes,Yes
UPI,USDT,Yes,No,Yes,Yes
UPI,USDT,Yes,No,Yes,Yes
USDT,EUR,Yes,Yes,Yes,No
USDT,USD,Yes,Yes,Yes,No
USDT,USDC,Yes,Yes,Yes,No
UST,USD,Yes,No,Yes,No
UST,USDT,Yes,No,Yes,No
VGX,USD,Yes,Yes,Yes,Yes
VGX,USDT,Yes,Yes,Yes,Yes
WAMPL,USD,Yes,Yes,Yes,Yes
WAMPL,USD,Yes,Yes,Yes,Yes
WAMPL,USDT,Yes,Yes,Yes,Yes
WAMPL,USDT,Yes,Yes,Yes,Yes
WAXL,USD,Yes,Yes,Yes,No
WBTC,BTC,Yes,Yes,Yes,Yes
WBTC,USD,Yes,Yes,Yes,Yes
WCFG,BTC,Yes,Yes,Yes,Yes
WCFG,BTC,Yes,Yes,Yes,Yes
WCFG,USD,Yes,Yes,Yes,Yes
WCFG,USD,Yes,Yes,Yes,Yes
WLUNA,BTC,Yes,No,Yes,No
WLUNA,BTC,Yes,No,Yes,No
WLUNA,USD,Yes,No,Yes,No
WLUNA,USD,Yes,No,Yes,No
WLUNA,USDT,Yes,No,Yes,No
WLUNA,USDT,Yes,No,Yes,No
XCN,USD,Yes,Yes,Yes,No
XCN,USDT,Yes,Yes,Yes,No
XLM,BTC,Yes,Yes,Yes,Yes
XLM,USD,Yes,Yes,Yes,Yes
XLM,USDT,Yes,Yes,Yes,Yes
XTZ,BTC,Yes,Yes,Yes,Yes
XTZ,USD,Yes,Yes,Yes,Yes
XYO,BTC,Yes,No,Yes,No
XYO,USD,Yes,Yes,Yes,No
XYO,USDT,Yes,Yes,Yes,No
YFI,BTC,Yes,Yes,Yes,Yes
YFI,USD,Yes,Yes,Yes,Yes
YFII,USD,Yes,No,Yes,No
YFII,USD,Yes,No,Yes,No
YFII,USD,Yes,No,Yes,No
ZEC,BTC,Yes,Yes,Yes,Yes
ZEC,BTC,Yes,Yes,Yes,Yes
ZEC,BTC,Yes,Yes,Yes,Yes
ZEC,USD,Yes,Yes,Yes,Yes
ZEC,USD,Yes,Yes,Yes,Yes
ZEC,USD,Yes,Yes,Yes,Yes
ZEC,USDC,Yes,No,Yes,Yes
ZEC,USDC,Yes,No,Yes,Yes
ZEC,USDC,Yes,No,Yes,Yes
ZEN,BTC,Yes,Yes,Yes,No
ZEN,BTC,Yes,Yes,Yes,No
ZEN,USD,Yes,Yes,Yes,No
ZEN,USD,Yes,Yes,Yes,No
ZEN,USDT,Yes,Yes,Yes,No
ZEN,USDT,Yes,Yes,Yes,No
ZRX,BTC,Yes,Yes,Yes,Yes
ZRX,USD,Yes,Yes,Yes,Yes
0,USD,No,Yes,Yes,No
0,USDC,No,No,Yes,No
1INCH,EUR,No,Yes,Yes,No
1INCH,GBP,No,Yes,Yes,No
1INCH,USDC,No,No,Yes,No
AAVE,EUR,No,Yes,Yes,Yes
AAVE,GBP,No,Yes,Yes,Yes
AAVE,USDC,No,No,Yes,Yes
ABT,USDC,No,No,Yes,No
ABT,USDC,No,No,Yes,No
ACH,USDC,No,No,Yes,Yes
ACS,USDC,No,No,Yes,No
ADA,ATOM,No,Yes,Yes,Yes
ADA,ATOM,No,Yes,Yes,Yes
ADA,DOGE,No,Yes,Yes,Yes
ADA,DOGE,No,Yes,Yes,Yes
ADA,GBP,No,Yes,Yes,Yes
ADA,GBP,No,Yes,Yes,Yes
ADA,LTC,No,Yes,Yes,Yes
ADA,LTC,No,Yes,Yes,Yes
ADA,MATIC,No,Yes,Yes,Yes
ADA,MATIC,No,Yes,Yes,Yes
ADA,SHIB,No,Yes,Yes,Yes
ADA,SHIB,No,Yes,Yes,Yes
ADA,SOL,No,Yes,Yes,Yes
ADA,SOL,No,Yes,Yes,Yes
ADA,XLM,No,Yes,Yes,Yes
ADA,XLM,No,Yes,Yes,Yes
AERGO,USDC,No,No,Yes,Yes
AERGO,USDC,No,No,Yes,Yes
AGLD,USDC,No,No,Yes,Yes
AGLD,USDT,No,Yes,Yes,Yes
AIOZ,USDC,No,No,Yes,No
AIOZ,USDC,No,No,Yes,No
AIOZ,USDC,No,No,Yes,No
ALCX,EUR,No,Yes,Yes,Yes
ALCX,USDC,No,No,Yes,Yes
ALCX,USDT,No,Yes,Yes,Yes
ALEPH,USDC,No,No,Yes,No
ALEPH,USDC,No,No,Yes,No
ALGO,EUR,No,Yes,Yes,Yes
ALGO,GBP,No,Yes,Yes,Yes
ALGO,USDC,No,No,Yes,Yes
ALICE,USDC,No,No,Yes,Yes
ALICE,USDC,No,No,Yes,Yes
AMP,USDC,No,No,Yes,Yes
ANKR,BTC,No,Yes,Yes,Yes
ANKR,EUR,No,Yes,Yes,Yes
ANKR,GBP,No,Yes,Yes,Yes
ANKR,USDC,No,No,Yes,Yes
ANT,USD,No,Yes,Yes,Yes
ANT,USD,No,Yes,Yes,Yes
ANT,USDC,No,No,Yes,Yes
ANT,USDC,No,No,Yes,Yes
APE,EUR,No,Yes,Yes,Yes
APE,USDC,No,No,Yes,Yes
API3,USDC,No,No,Yes,Yes
API3,USDC,No,No,Yes,Yes
APT,USDC,No,No,Yes,No
ARB,USDC,No,No,Yes,No
ARB,USDC,No,No,Yes,No
ARPA,EUR,No,Yes,Yes,Yes
ARPA,USDC,No,No,Yes,Yes
ASM,USDC,No,No,Yes,Yes
AST,USDC,No,No,Yes,No
AST,USDC,No,No,Yes,No
ATA,USDC,No,No,Yes,No
ATOM,DOGE,No,Yes,Yes,Yes
ATOM,ETH,No,Yes,Yes,Yes
ATOM,EUR,No,Yes,Yes,Yes
ATOM,GBP,No,Yes,Yes,Yes
ATOM,LTC,No,Yes,Yes,Yes
ATOM,MATIC,No,Yes,Yes,Yes
ATOM,SHIB,No,Yes,Yes,Yes
ATOM,SOL,No,Yes,Yes,Yes
ATOM,USDC,No,No,Yes,Yes
ATOM,XLM,No,Yes,Yes,Yes
AUCTION,EUR,No,Yes,Yes,Yes
AUCTION,USDC,No,No,Yes,Yes
AUCTION,USDT,No,Yes,Yes,Yes
AUDIO,USDC,No,No,Yes,No
AURORA,USDC,No,No,Yes,No
AURORA,USDC,No,No,Yes,No
AVAX,EUR,No,Yes,Yes,Yes
AVAX,USDC,No,No,Yes,Yes
AVT,USDC,No,No,Yes,Yes
AVT,USDC,No,No,Yes,Yes
AXL,USD,No,Yes,No,No
AXL,USDC,No,No,No,No
AXS,BTC,No,Yes,Yes,Yes
AXS,EUR,No,Yes,Yes,Yes
AXS,USD,No,Yes,Yes,Yes
AXS,USDC,No,No,Yes,Yes
AXS,USDT,No,Yes,Yes,Yes
BADGER,EUR,No,Yes,Yes,Yes
BADGER,USDC,No,No,Yes,Yes
BAL,USDC,No,No,Yes,Yes
BAND,EUR,No,Yes,Yes,Yes
BAND,GBP,No,Yes,Yes,Yes
BAND,USDC,No,No,Yes,Yes
BAT,EUR,No,Yes,Yes,Yes
BAT,EUR,No,Yes,Yes,Yes
BCH,EUR,No,Yes,Yes,Yes
BCH,GBP,No,Yes,Yes,Yes
BCH,USDC,No,No,Yes,Yes
BICO,EUR,No,Yes,Yes,Yes
BICO,USDC,No,No,Yes,Yes
BICO,USDT,No,Yes,Yes,Yes
BIT,USDC,No,No,Yes,Yes
BLUR,USDC,No,No,Yes,No
BLZ,USDC,No,No,Yes,Yes
BLZ,USDC,No,No,Yes,Yes
BNT,EUR,No,Yes,Yes,Yes
BNT,GBP,No,Yes,Yes,Yes
BNT,USDC,No,No,Yes,Yes
BOBA,USDC,No,No,Yes,No
BOND,USDC,No,No,Yes,Yes
BTC,DOGE,No,Yes,Yes,Yes
BTC,DOGE,No,Yes,Yes,Yes
BTC,DOGE,No,Yes,Yes,Yes
BTC,ETH,No,Yes,Yes,Yes
BTC,ETH,No,Yes,Yes,Yes
BTC,ETH,No,Yes,Yes,Yes
BTC,GBP,No,Yes,Yes,Yes
BTC,GBP,No,Yes,Yes,Yes
BTC,GBP,No,Yes,Yes,Yes
BTC,LTC,No,Yes,Yes,Yes
BTC,LTC,No,Yes,Yes,Yes
BTC,LTC,No,Yes,Yes,Yes
BTC,MATIC,No,Yes,Yes,Yes
BTC,MATIC,No,Yes,Yes,Yes
BTC,MATIC,No,Yes,Yes,Yes
BTC,SHIB,No,Yes,Yes,Yes
BTC,SHIB,No,Yes,Yes,Yes
BTC,SHIB,No,Yes,Yes,Yes
BTC,SOL,No,Yes,Yes,Yes
BTC,SOL,No,Yes,Yes,Yes
BTC,SOL,No,Yes,Yes,Yes
BTC,XLM,No,Yes,Yes,Yes
BTC,XLM,No,Yes,Yes,Yes
BTC,XLM,No,Yes,Yes,Yes
BTRST,EUR,No,Yes,Yes,Yes
BTRST,GBP,No,Yes,Yes,Yes
BTRST,USDC,No,No,Yes,Yes
C98,USDC,No,No,Yes,Yes
CBETH,USDC,No,No,Yes,No
CBETH,USDC,No,No,Yes,No
CELR,USDC,No,No,Yes,No
CELR,USDC,No,No,Yes,No
CGLD,EUR,No,Yes,Yes,Yes
CGLD,GBP,No,Yes,Yes,Yes
CGLD,USDC,No,No,Yes,Yes
CHZ,EUR,No,Yes,Yes,No
CHZ,GBP,No,Yes,Yes,No
CHZ,USDC,No,No,Yes,No
CLV,EUR,No,Yes,Yes,No
CLV,GBP,No,Yes,Yes,No
CLV,USDC,No,No,Yes,No
COMP,USDC,No,No,Yes,Yes
COTI,USDC,No,No,Yes,No
COTI,USDC,No,No,Yes,No
COVAL,USDC,No,No,Yes,Yes
COVAL,USDC,No,No,Yes,Yes
CRO,EUR,No,Yes,Yes,Yes
CRO,USDC,No,No,Yes,Yes
CRPT,USDC,No,No,Yes,Yes
CRPT,USDC,No,No,Yes,Yes
CRV,EUR,No,Yes,Yes,Yes
CRV,GBP,No,Yes,Yes,Yes
CRV,USDC,No,No,Yes,Yes
CTSI,BTC,No,Yes,Yes,Yes
CTSI,USDC,No,No,Yes,Yes
CTX,EUR,No,Yes,Yes,Yes
CTX,USDC,No,No,Yes,Yes
CVX,USDC,No,No,Yes,No
DAR,USDC,No,No,Yes,No
DAR,USDC,No,No,Yes,No
DASH,BTC,No,Yes,No,No
DASH,USD,No,Yes,No,No
DASH,USDC,No,No,No,No
DDX,EUR,No,Yes,Yes,No
DDX,EUR,No,Yes,Yes,No
DDX,USDC,No,No,Yes,No
DDX,USDC,No,No,Yes,No
DESO,EUR,No,Yes,Yes,No
DESO,USDC,No,No,Yes,No
DEXT,USDC,No,No,Yes,No
DEXT,USDC,No,No,Yes,No
DIA,EUR,No,Yes,Yes,Yes
DIA,USDC,No,No,Yes,Yes
DIMO,USDC,No,No,Yes,No
DOGE,ETH,No,Yes,Yes,Yes
DOGE,EUR,No,Yes,Yes,Yes
DOGE,GBP,No,Yes,Yes,Yes
DOGE,LTC,No,Yes,Yes,Yes
DOGE,MATIC,No,Yes,Yes,Yes
DOGE,SHIB,No,Yes,Yes,Yes
DOGE,SOL,No,Yes,Yes,Yes
DOGE,USDC,No,No,Yes,Yes
DOGE,XLM,No,Yes,Yes,Yes
DOT,EUR,No,Yes,Yes,Yes
DOT,GBP,No,Yes,Yes,Yes
DOT,USDC,No,No,Yes,Yes
DREP,USDC,No,No,Yes,No
DREP,USDC,No,No,Yes,No
DYP,USDC,No,No,Yes,No
EGLD,USDC,No,No,Yes,No
EGLD,USDC,No,No,Yes,No
ELA,USDC,No,No,Yes,No
ENJ,USDC,No,No,Yes,No
ENS,EUR,No,Yes,Yes,Yes
ENS,USDC,No,No,Yes,Yes
EOS,EUR,No,Yes,Yes,No
EOS,USDC,No,No,Yes,No
ERN,EUR,No,Yes,Yes,Yes
ERN,USDC,No,No,Yes,Yes
ETC,EUR,No,Yes,Yes,Yes
ETC,GBP,No,Yes,Yes,Yes
ETC,USDC,No,No,Yes,Yes
ETH,GBP,No,Yes,Yes,Yes
ETH,GBP,No,Yes,Yes,Yes
ETH,LTC,No,Yes,Yes,Yes
ETH,LTC,No,Yes,Yes,Yes
ETH,MATIC,No,Yes,Yes,Yes
ETH,MATIC,No,Yes,Yes,Yes
ETH,SHIB,No,Yes,Yes,Yes
ETH,SHIB,No,Yes,Yes,Yes
ETH,SOL,No,Yes,Yes,Yes
ETH,SOL,No,Yes,Yes,Yes
ETH,XLM,No,Yes,Yes,Yes
ETH,XLM,No,Yes,Yes,Yes
EUROC,EUR,No,Yes,Yes,No
EUROC,USDC,No,No,Yes,No
FARM,USDC,No,No,Yes,Yes
FARM,USDT,No,Yes,Yes,Yes
FET,USDC,No,No,Yes,Yes
FIDA,EUR,No,Yes,Yes,No
FIDA,USDC,No,No,Yes,No
FIL,EUR,No,Yes,Yes,Yes
FIL,GBP,No,Yes,Yes,Yes
FIL,USDC,No,No,Yes,Yes
FIS,USDC,No,No,Yes,No
FLOW,USD,No,Yes,No,Yes
FLOW,USD,No,Yes,No,Yes
FLOW,USDC,No,No,No,Yes
FLOW,USDC,No,No,No,Yes
FLOW,USDT,No,Yes,No,Yes
FLOW,USDT,No,Yes,No,Yes
FLR,USD,No,Yes,No,No
FLR,USDC,No,No,No,No
FORT,USDC,No,No,Yes,No
FORTH,BTC,No,Yes,Yes,No
FORTH,EUR,No,Yes,Yes,No
FORTH,GBP,No,Yes,Yes,No
FORTH,USDC,No,No,Yes,No
FOX,USDC,No,No,Yes,Yes
FOX,USDC,No,No,Yes,Yes
FX,USDC,No,No,Yes,Yes
GAL,USDC,No,No,Yes,No
GALA,USDC,No,No,Yes,Yes
GFI,USDC,No,No,Yes,Yes
GFI,USDC,No,No,Yes,Yes
GHST,USDC,No,No,Yes,No
GLM,USDC,No,No,Yes,Yes
GLM,USDC,No,No,Yes,Yes
GMT,USDC,No,No,Yes,Yes
GNO,USDC,No,No,Yes,No
GNO,USDC,No,No,Yes,No
GODS,USDC,No,No,Yes,Yes
GODS,USDC,No,No,Yes,Yes
GRT,EUR,No,Yes,Yes,Yes
GRT,GBP,No,Yes,Yes,Yes
GRT,USDC,No,No,Yes,Yes
GST,USDC,No,No,Yes,No
GST,USDC,No,No,Yes,No
GTC,USDC,No,No,Yes,Yes
GUSD,USDC,No,No,Yes,Yes
GUSD,USDC,No,No,Yes,Yes
GYEN,USDC,No,No,Yes,Yes
GYEN,USDC,No,No,Yes,Yes
HBAR,USD,No,Yes,No,No
HBAR,USDC,No,No,No,No
HBAR,USDT,No,Yes,No,No
HFT,USDC,No,No,Yes,No
HIGH,USDC,No,No,Yes,No
HIGH,USDC,No,No,Yes,No
HOPR,USDC,No,No,Yes,No
HOPR,USDC,No,No,Yes,No
ICP,GBP,No,Yes,Yes,Yes
ICP,USDC,No,No,Yes,Yes
IDEX,USDC,No,No,Yes,Yes
IDEX,USDC,No,No,Yes,Yes
IDEX,USDT,No,Yes,Yes,Yes
IDEX,USDT,No,Yes,Yes,Yes
ILV,USDC,No,No,Yes,No
IMX,USDC,No,No,Yes,Yes
IMX,USDC,No,No,Yes,Yes
INDEX,USDC,No,No,Yes,Yes
INJ,USDC,No,No,Yes,No
INV,USDC,No,No,Yes,Yes
INV,USDC,No,No,Yes,Yes
IOTX,EUR,No,Yes,Yes,Yes
IOTX,EUR,No,Yes,Yes,Yes
IOTX,USDC,No,No,Yes,Yes
IOTX,USDC,No,No,Yes,Yes
JASMY,USDC,No,No,Yes,Yes
JUP,USDC,No,No,Yes,No
JUP,USDC,No,No,Yes,No
KAVA,USD,No,Yes,No,No
KAVA,USDC,No,No,No,No
KNC,USDC,No,No,Yes,Yes
KRL,EUR,No,Yes,Yes,Yes
KRL,USDC,No,No,Yes,Yes
KSM,USDC,No,No,Yes,No
LCX,EUR,No,Yes,Yes,Yes
LCX,USDC,No,No,Yes,Yes
LDO,USDC,No,No,Yes,No
LINK,EUR,No,Yes,Yes,Yes
LINK,EUR,No,Yes,Yes,Yes
LINK,GBP,No,Yes,Yes,Yes
LINK,GBP,No,Yes,Yes,Yes
LINK,USDC,No,No,Yes,Yes
LINK,USDC,No,No,Yes,Yes
LIT,USDC,No,No,Yes,No
LOKA,USDC,No,No,Yes,No
LOKA,USDC,No,No,Yes,No
LPT,USDC,No,No,Yes,Yes
LQTY,EUR,No,Yes,Yes,Yes
LQTY,USDC,No,No,Yes,Yes
LRC,USDC,No,No,Yes,Yes
LSETH,USDC,No,No,Yes,No
LTC,EUR,No,Yes,Yes,Yes
LTC,GBP,No,Yes,Yes,Yes
LTC,MATIC,No,Yes,Yes,Yes
LTC,SHIB,No,Yes,Yes,Yes
LTC,SOL,No,Yes,Yes,Yes
LTC,USDC,No,No,Yes,Yes
LTC,XLM,No,Yes,Yes,Yes
MAGIC,USD,No,Yes,No,No
MAGIC,USDC,No,No,No,No
MANA,EUR,No,Yes,Yes,Yes
MANA,EUR,No,Yes,Yes,Yes
MASK,EUR,No,Yes,Yes,Yes
MASK,GBP,No,Yes,Yes,Yes
MASK,USDC,No,No,Yes,Yes
MATH,USDC,No,No,Yes,No
MATH,USDC,No,No,Yes,No
MATIC,GBP,No,Yes,Yes,Yes
MATIC,SHIB,No,Yes,Yes,Yes
MATIC,SOL,No,Yes,Yes,Yes
MATIC,USDC,No,No,Yes,Yes
MATIC,XLM,No,Yes,Yes,Yes
MCO2,USDC,No,No,Yes,Yes
MCO2,USDC,No,No,Yes,Yes
MDT,USDC,No,No,Yes,Yes
MDT,USDC,No,No,Yes,Yes
MEDIA,USDC,No,No,Yes,No
METIS,USDC,No,No,Yes,No
MINA,EUR,No,Yes,Yes,Yes
MINA,USDC,No,No,Yes,Yes
MKR,USDC,No,No,Yes,Yes
MKR,USDC,No,No,Yes,Yes
MLN,USDC,No,No,Yes,Yes
MNDE,USDC,No,No,Yes,No
MONA,USDC,No,No,Yes,No
MONA,USDC,No,No,Yes,No
MPL,USDC,No,No,Yes,Yes
MPL,USDC,No,No,Yes,Yes
MSOL,USDC,No,No,Yes,No
MTL,USDC,No,No,Yes,No
MTL,USDC,No,No,Yes,No
MULTI,USDC,No,No,Yes,No
MUSE,USDC,No,No,Yes,No
MUSE,USDC,No,No,Yes,No
MXC,USDC,No,No,Yes,No
MXC,USDC,No,No,Yes,No
NCT,EUR,No,Yes,Yes,No
NCT,USDC,No,No,Yes,No
NEAR,USDC,No,No,Yes,No
NEST,USDC,No,No,Yes,No
NKN,EUR,No,Yes,Yes,Yes
NKN,GBP,No,Yes,Yes,Yes
NKN,USDC,No,No,Yes,Yes
NMR,EUR,No,Yes,Yes,Yes
NMR,GBP,No,Yes,Yes,Yes
NMR,USDC,No,No,Yes,Yes
OCEAN,USD,No,Yes,Yes,No
OCEAN,USDC,No,No,Yes,No
OGN,USDC,No,No,Yes,Yes
OOKI,USDC,No,No,Yes,No
OOKI,USDC,No,No,Yes,No
OP,USDC,No,No,Yes,No
ORCA,USDC,No,No,Yes,Yes
ORCA,USDC,No,No,Yes,Yes
ORN,USDC,No,No,Yes,No
ORN,USDT,No,Yes,Yes,No
OXT,USDC,No,No,Yes,Yes
PAX,USDC,No,No,Yes,Yes
PAX,USDC,No,No,Yes,Yes
PERP,EUR,No,Yes,Yes,Yes
PERP,USDC,No,No,Yes,Yes
PLA,USDC,No,No,Yes,Yes
PLU,USDC,No,No,Yes,Yes
PLU,USDC,No,No,Yes,Yes
PNG,USD,No,Yes,No,No
PNG,USD,No,Yes,No,No
PNG,USDC,No,No,No,No
PNG,USDC,No,No,No,No
POLS,USDC,No,No,Yes,Yes
POLS,USDC,No,No,Yes,Yes
POLY,USDC,No,No,Yes,Yes
POND,USDC,No,No,Yes,No
POWR,EUR,No,Yes,Yes,Yes
POWR,USDC,No,No,Yes,Yes
PRIME,USDC,No,No,Yes,No
PRO,USDC,No,No,Yes,Yes
PRO,USDC,No,No,Yes,Yes
PRQ,USDC,No,No,Yes,No
PRQ,USDC,No,No,Yes,No
PUNDIX,USDC,No,No,Yes,No
PYR,USDC,No,No,Yes,No
QI,USD,No,Yes,No,No
QI,USDC,No,No,No,No
QNT,USDC,No,No,Yes,Yes
QSP,USDC,No,No,Yes,Yes
QSP,USDC,No,No,Yes,Yes
QUICK,USDC,No,No,Yes,Yes
RAD,EUR,No,Yes,Yes,No
RAD,GBP,No,Yes,Yes,No
RAD,USDC,No,No,Yes,No
RAI,USDC,No,No,Yes,Yes
RARE,USDC,No,No,Yes,No
RARE,USDC,No,No,Yes,No
RARI,USDC,No,No,Yes,Yes
RARI,USDC,No,No,Yes,Yes
RBN,USDC,No,No,Yes,Yes
RBN,USDC,No,No,Yes,Yes
REN,USDC,No,No,Yes,Yes
REQ,EUR,No,Yes,Yes,Yes
REQ,GBP,No,Yes,Yes,Yes
REQ,USDC,No,No,Yes,Yes
RLC,BTC,No,Yes,Yes,Yes
RLC,USDC,No,No,Yes,Yes
RNDR,EUR,No,Yes,Yes,Yes
RNDR,USDC,No,No,Yes,Yes
ROSE,USDC,No,No,Yes,No
ROSE,USDC,No,No,Yes,No
RPL,USD,No,Yes,Yes,No
RPL,USDC,No,No,Yes,No
SAND,USDC,No,No,Yes,No
SHIB,GBP,No,Yes,Yes,Yes
SHIB,SOL,No,Yes,Yes,Yes
SHIB,USDC,No,No,Yes,Yes
SHIB,XLM,No,Yes,Yes,Yes
SHPING,EUR,No,Yes,Yes,Yes
SHPING,USDC,No,No,Yes,Yes
SKL,EUR,No,Yes,Yes,Yes
SKL,GBP,No,Yes,Yes,Yes
SKL,USDC,No,No,Yes,Yes
SNT,USDC,No,No,Yes,Yes
SNT,USDC,No,No,Yes,Yes
SNX,EUR,No,Yes,Yes,Yes
SNX,GBP,No,Yes,Yes,Yes
SNX,USDC,No,No,Yes,Yes
SOL,EUR,No,Yes,Yes,Yes
SOL,GBP,No,Yes,Yes,Yes
SOL,USDC,No,No,Yes,Yes
SOL,XLM,No,Yes,Yes,Yes
SPA,USD,No,Yes,No,No
SPA,USDC,No,No,No,No
SPELL,USDC,No,No,Yes,Yes
SPELL,USDC,No,No,Yes,Yes
STORJ,USDC,No,No,Yes,Yes
STORJ,USDC,No,No,Yes,Yes
STX,USDC,No,No,Yes,No
STX,USDC,No,No,Yes,No
SUI,USD,No,Yes,No,No
SUI,USDC,No,No,No,No
SUKU,EUR,No,Yes,Yes,Yes
SUKU,USDC,No,No,Yes,Yes
SUKU,USDT,No,Yes,Yes,Yes
SUPER,USDC,No,No,Yes,Yes
SUPER,USDC,No,No,Yes,Yes
SUSHI,EUR,No,Yes,Yes,No
SUSHI,GBP,No,Yes,Yes,No
SUSHI,USDC,No,No,Yes,No
SWFTC,USDC,No,No,Yes,No
SWFTC,USDC,No,No,Yes,No
SYLO,USDC,No,No,Yes,No
SYN,USDC,No,No,Yes,Yes
SYN,USDC,No,No,Yes,Yes
T,USDC,No,No,Yes,No
TIME,USDC,No,No,Yes,No
TONE,USDC,No,No,Yes,No
TONE,USDC,No,No,Yes,No
TRAC,EUR,No,Yes,Yes,Yes
TRAC,USDC,No,No,Yes,Yes
TRB,BTC,No,Yes,Yes,Yes
TRB,USDC,No,No,Yes,Yes
TRU,EUR,No,Yes,Yes,Yes
TRU,USDC,No,No,Yes,Yes
TVK,USDC,No,No,Yes,No
UMA,EUR,No,Yes,Yes,Yes
UMA,GBP,No,Yes,Yes,Yes
UMA,USDC,No,No,Yes,Yes
UNFI,USDC,No,No,Yes,Yes
UNFI,USDC,No,No,Yes,Yes
UNI,EUR,No,Yes,Yes,Yes
UNI,GBP,No,Yes,Yes,Yes
UNI,USDC,No,No,Yes,Yes
USDC,EUR,No,Yes,Yes,Yes
USDC,GBP,No,Yes,Yes,Yes
USDT,GBP,No,Yes,Yes,No
VGX,EUR,No,Yes,Yes,Yes
VGX,USDC,No,No,Yes,Yes
VOXEL,USD,No,Yes,No,No
VOXEL,USDC,No,No,No,No
WAMPL,USDC,No,No,Yes,Yes
WAMPL,USDC,No,No,Yes,Yes
WAXL,USDC,No,No,Yes,No
WBTC,USDC,No,No,Yes,Yes
WCFG,EUR,No,Yes,Yes,Yes
WCFG,EUR,No,Yes,Yes,Yes
WCFG,USDC,No,No,Yes,Yes
WCFG,USDC,No,No,Yes,Yes
WCFG,USDT,No,Yes,Yes,Yes
WCFG,USDT,No,Yes,Yes,Yes
XCN,USDC,No,No,Yes,No
XLM,EUR,No,Yes,Yes,Yes
XLM,USDC,No,No,Yes,Yes
XTZ,EUR,No,Yes,Yes,Yes
XTZ,GBP,No,Yes,Yes,Yes
XTZ,USDC,No,No,Yes,Yes
XYO,EUR,No,Yes,Yes,No
XYO,USDC,No,No,Yes,No
YFI,USDC,No,No,Yes,Yes
ZEN,USDC,No,No,Yes,No
ZEN,USDC,No,No,Yes,No
ZRX,EUR,No,Yes,Yes,Yes
ZRX,USDC,No,No,Yes,Yes
,"*Please note, asset support for Custody differs depending on the entity your are contracted with across Coinbase Custody Trust Company, LLC, Coinbase Custody International, Ltd and Coinbase Germany. Please check this weblink for further detail. ",,,,